"Non Component Description","Color Code","Type","Location ID","Shift ID","Depth Top","Depth Base","Description","Legend Code","Geology Code","Geology Code 2","Stratum Reference","Remarks","Soil Name","USCS","AASHTO","Consistency Min","Consistency Max","Density Min","Density Max","Color","Moisture","Plasticity","Soil Particle Size","Soil Particle Angularity","Additional Description","Geological formation","Rock Name Qualifier","Rock Name","Rock Grain Size","Bedding Min","Bedding Max","Weathering","Rock Hardness Min","Rock Hardness Conjunction","Rock Hardness Max","Fracture Spacing Min","Fracture Spacing Max","Boundary"
"","","Soil","SB-39","","7.50","10.00","trace small GRAVEL, light brownish gray (10 YR 6/2), WASTE","","","","","","","","","","","","","","","","","","","","","","","","","","","","","","","None"
"","","Soil","SB-13","","0.00","5.00","SANDY Lean CLAY (CL) stiff, dry, brown (10 YR 5/1), GRAVEL, WASTE","CL","","","","","","CL","","","","","","","","","","","","","","","","","","","","","","","","Solid"
"","","Soil","SB-36","","30.00","35.00","CLAYEY GRAVEL with SAND (GC), very dense, gravel color: very dark gray (GLEY 4/N), sand color: brown (10 YR 5/3), saturated, WASTE","","","","","","","","","","","","","","","","","","","","","","","","","","","","","","","Solid"
"","","Soil","SB-31","","67.00","","Terminated @ 67.0 ft bgs because of SPT and coring refusal. GW encountered @ 40.20 ft bgs. ","","","","","","","","","","","","","","","","","","","","","","","","","","","","","","",""
"","","Rock","SB-17","","80.00","90.00","soft, BEDROCK","","","","","","","","","","","","","","","","","","","","","","","","","","","","","","","None"
"","","","SB-13","","30.90","","Terminated @ 30.9 ft bgs because of SPT and coring refusal. GW not encountered. ","","","","","","","","","","","","","","","","","","","","","","","","","","","","","","",""
"","","","SB-6A","","80.10","80.10","Terminated @ 80.1 ft bgs because of SPT and coring refusal. Perched water table @ 19 ft bgs. ","","","","","","","","","","","","","","","","","","","","","","","","","","","","","","",""
"","","Rock","SB-4","","70.00","75.00","SEDIMENTARY ROCK (SHALE), black (10 YR 2/1), dry, fine platy structure, fissble/friable, BEDROCK","","","","","","","","","","","","","","","","","","","","","","","","","","","","","","","None"
"","","Soil","SB-39","","5.00","7.50","light gray (10 YR 7/2), WASTE","","","","","","","","","","","","","","","","","","","","","","","","","","","","","","","None"
"","","Soil","SB-15","","5.00","7.50","dark grayish brown (10 YR 4/2), WASTE","","","","","","","","","","","","","","","","","","","","","","","","","","","","","","","None"
"","","Soil","SB-46","","35.00","40.00","SANDY lean CLAY (CL), very soft, dark greenish gray (GLEY 4/10GY), wet, NATIVE","CL","","","","","","CL","","","","","","","","","","","","","","","","","","","","","","","","Solid"
"","","Soil","SB-44","","20.00","25.00","few SAND and trace GRAVEL, stiff, pale brown (10 YR 6/3), moist, clumps of CLAY, white, NATIVE","","","","","","","","","","","","","","","","","","","","","","","","","","","","","","","None"
"","","Soil","SB-5","","20.00","25.00"," brown (7.5 YR 5/2), fine to medium SAND, NATIVE","","","","","","","","","","","","","","","","","","","","","","","","","","","","","","","None"
"","","","SB-19","","90.30","","Terminated @ 90.3 ft bgs because of SPT and coring refusal. GW not encountered. ","","","","","","","","","","","","","","","","","","","","","","","","","","","","","","",""
"","","Soil","SB-11","","81.50","","Terminated @ 81.5 ft bgs as planned. GW not encountered. ","","","","","","","","","","","","","","","","","","","","","","","","","","","","","","",""
"","","Soil","SB-12","","41.50","50.00","Sandy SILT (ML), hard, greenish gray (GLEY 5/1 5GY), moist, fine to coarse grained SAND, medium to high plasticity, NATIVE","ML","","","","","","ML","","","","","","","","","","","","","","","","","","","","","","","","None"
"","","Rock","SB-6A","","45.00","65.00"," black (GLEY 2.5/N), moist, BEDROCK","","","","","","","","","","","","","","","","","","","","","","","","","","","","","","","None"
"","","Soil","SB-24","","0.00","5.00","CLAYEY SAND with GRAVEL (SC), medium dense, dry, yellow (10 YR 8/8), some weathered ANDESITE, light grayish, WASTE","SC","","","","","","SC","","","","","","","","","","","","","","","","","","","","","","","","Solid"
"","","Rock","SB-26","","37.00","40.00","METAMORPHIC ROCK (SERPENTINITE), green, soft, smooth, BEDROCK","","","","","","","","","","","","","","","","","","","","","","","","","","","","","","","Solid"
"","","Soil","SB-25","","10.00","50.00","IGNEOUS ROCK (ANDESITE), moderately weathered, moderately hard, dark gray (10 YR 4/1) BEDROCK","BEDROCK","","","","","","","","","","","","","","","","","","","","","","","","","","","","","","None"
"","","Soil","SB-38","","15.00","25.00","CLAYEY SAND (SC), medium dense, pale yellow (5Y 7/3), dry, fine to medium SAND, medium plasticity, some GRAVEL, layered cementation, WASTE","SC","","","","","","SC","","","","","","","","","","","","","","","","","","","","","","","","None"
"","","Soil","SB-45","","10.00","15.00"," primary color: gray (2/5 YR 5/1), secondary color: olive yellow (2.5 YR 6/6)","","","","","","","","","","","","","","","","","","","","","","","","","","","","","","","Solid"
"","","Soil","SB-36","","80.00","","Terminated @ 80.0 ft bgs because of SPT and coring refusal. GW not encountered. ","","","","","","","","","","","","","","","","","","","","","","","","","","","","","","",""
"","","Rock","SB-36","","81.00","","","","","","","","","","","","","","","","","","","","","","","","","","","","","","","","",""
"","","Soil","SB-39","","2.50","5.00","few SAND and trace GRAVEL, very stiff, very pale brown (10 YR 7/3), WASTE","","","","","","","","","","","","","","","","","","","","","","","","","","","","","","","None"
"","","Soil","SB-46","","45.00","51.30","greenish gray (GLEY 5/5 GY), wet, BEDROCK","","","","","","","","","","","","","","","","","","","","","","","","","","","","","","","None"
"","","Soil","SB-25","","20.00","25.00","slightly weathered, hard, BEDROCK","","","","","","","","","","","","","","","","","","","","","","","","","","","","","","","None"
"","","Soil","SB-8","","20.00","30.10","SANDY lean CLAY (CL), medium stiff, light bluish gray (GLEY 7/5BG), moist, low to medium grained SAND, medium plasticity, NATIVE","CL","","","","","","CL","","","","","","","","","","","","","","","","","","","","","","","","None"
"","","Soil","SB-46","","2.50","5.00","stiff, few fine GRAVEL, pale brown (10 YR 6/3), WASTE","","","","","","","","","","","","","","","","","","","","","","","","","","","","","","","Solid"
"","","Rock","SB-15","","30.00","30.40","dark bluish gray (GLEY 4/5B), ROCK","","","","","","","","","","","","","","","","","","","","","","","","","","","","","","","Solid"
"","","Rock","SB-36","","82.00","","","","","","","","","","","","","","","","","","","","","","","","","","","","","","","","",""
"","","Soil","SB-11","","41.50","50.00","Stiff, gray (10 YR 6/1), dry, fine to coarse sand, medium plasticity, NATIVE","","","","","","","","","","","","","","","","","","","","","","","","","","","","","","","Solid"
"","","Soil","SB-32","","35.00","50.00","SANDY lean CLAY (CL), hard, light brownish gray (10 YR 6/2), dry, NATIVE","CL","","","","","","CL","","","","","","","","","","","","","","","","","","","","","","","","None"
"","","Rock","SB-21","","31.00","44.00","highly weathered, soft, BEDROCK","","","","","","","","","","","","","","","","","","","","","","","","","","","","","","","None"
"","","Rock","SB-3","","40.00","45.00"," (BEDROCK), hard, light brownish gray (2.5 YR 6/2), dry, friable, cemented, BEDROCK","","","","","","","","","","","","","","","","","","","","","","","","","","","","","","","Solid"
"","","Soil","SB-39","","40.00","45.00","CLAYEY SAND with GRAVEL (SC), very dense, very dark grayish brown (2.5 YR 3/2), wet, some GRAVEL, NATIVE","SC","","","","","","SC","","","","","","","","","","","","","","","","","","","","","","","","Solid"
"","","Soil","SB-43","","2.50","5.00","medium dense, light gray (10 YR 7/2), fine to coarse SAND, WASTE","","","","","","","","","","","","","","","","","","","","","","","","","","","","","","","None"
"","","Soil","SB-44","","51.50","","Terminated @ 51.5 ft bgs as planned. GW not encountered. ","","","","","","","","","","","","","","","","","","","","","","","","","","","","","","",""
"","","Soil","SB-6A","","20.00","25.00","moist, NATIVE","","","","","","","","","","","","","","","","","","","","","","","","","","","","","","","Solid"
"","","Rock","SB-19","","80.00","90.00"," wet, BEDROCK","","","","","","","","","","","","","","","","","","","","","","","","","","","","","","","None"
"","","Soil","SB-40","","35.00","40.00","Poorly graded SAND with GRAVEL (SP), very dense, very dark grayish brown (2.5 YR 4/2), wet, NATIVE","SP","","","","","","SP","","","","","","","","","","","","","","","","","","","","","","","","Solid"
"","","Soil","SB-36","","45.00","47.00","Very dense, very dark gray (2.5 YR 3/1), fine SAND, strong pungent odor, NATIVE","","","","","","","","","","","","","","","","","","","","","","","","","","","","","","","Solid"
"","","Soil","SB-19","","30.00","35.00","moist, some ANDESITE GRAVELS AND COBBLES, WASTE","","","","","","","","","","","","","","","","","","","","","","","","","","","","","","","None"
"","","","SB-15","","12.00","13.00","Potential void, ROCK","","","","","","","","","","","","","","","","","","","","","","","","","","","","","","","None"
"","","Soil","SB-16","","2.50","7.50","CLAYEY SAND with GRAVEL (SC), medium dense, light grey (7.5 YR 7/1), dry, 49.05 % FINES, WASTE","SC","","","","","","SC","","","","","","","","","","","","","","","","","","","","","","","","Solid"
"","","Soil","SB-13","","5.00","8.00","CLAYEY SAND (SC), medium dense, moist, brown (10 YR 5/1), WASTE","SC","","","","","","SC","","","","","","","","","","","","","","","","","","","","","","","","Solid"
"","","Soil","SB-14","","20.00","22.00"," light brown (7.5 YR 6/3), angular GRAVEL with some COBBBLES, 50 % CLAY, 30 % SAND, < 15 GRAVEL, NATIVE","","","","","","","","","","","","","","","","","","","","","","","","","","","","","","","None"
"","","Soil","SB-17","","10.00","25.00","SANDY lean CLAY (CL) greenish gray (GLEY5/1 10 GY), very hard, dry, medium plasticity, fine to coarse SAND, weakly cemented, NATIVE","CL","","","","","","CL","","","","","","","","","","","","","","","","","","","","","","","","None"
"","","Soil","SB-19","","25.00","50.00","SANDY lean CLAY (CL), stiff, damp, multicolored, mainly gray, medium plasticity, some fragments of pulverized ANDESITE, WASTE","CL","","","","","","","","","","","","","","","","","","","","","","","","","","","","","","None"
"","","Soil","SB-20","","5.00","11.00","hard, wet, more GRAVEL, NATIVE","","","","","","","","","","","","","","","","","","","","","","","","","","","","","","","None"
"","","Rock","SB-34","","43.00","50.00","IGNEOUS ROCK (ANDESITE), fresh, hard, BEDROCK","BEDROCK","","","","","","Bedrock","","","","","","","","","","","","","","","","","","","","","","","","None"
"","","Soil","SB-18","","0.00","4.30","CLAYEY SAND (SC) very dark gray (10 YR 3/1), dry, medium dense, fine SAND, some fines, very dark, few GRAVEL, WASTE","SC","","","","","","SC","","","","","","","","","","","","","","","","","","","","","","","","Solid"
"","","Rock","SB-3","","47.50","50.00","IGNEOUS ROCK (ANDESITE) in native, quartz white layers, BEDROCK","","","","","","","","","","","","","","","","","","","","","","","","","","","","","","","None"
"","","Soil","SB-40","","20.00","23.00","Well graded SAND with CLAY and GRAVEL (SW-SC), very dense, brown (10 YR 5/3), dry to moist, WASTE","SW-SC","","","","","","SW-SC","","","","","","","","","","","","","","","","","","","","","","","","Solid"
"","","Soil","SB-10","","5.00","7.00","Clayey Sand (SC), grayish brown, some fine SAND, WASTE","SC","","","","","","SC","","","","","","","","","","","","","","","","","","","","","","","","Solid"
"","","Soil","SB-29","","5.00","10.00","SILT with GRAVEL (ML), yellowish brown (10 YR 5/4), dry, very stiff, low plasticity, no cementation, NATIVE","ML","","","","","","ML","","","","","","","","","","","","","","","","","","","","","","","","Solid"
"","","Soil","SB-42","","20.00","25.00"," light gray (10 YR 7/1), moist, NATIVE","","","","","","","","","","","","","","","","","","","","","","","","","","","","","","","None"
"","","Rock","SB-4","","34.50","75.00","SEDIMENTARY ROCK (MUDSTONE/CLAYSTONE), hard, light gray (2.5 YR 7/1), dry, cemented, BEDROCK ","BEDROCK","","","","","","Bedrock","","","","","","","","","","","","","","","","","","","","","","","","None"
"","","Soil","SB-16","","26.50","","Terminated at 26.5 ft bgs as planned. GW not encountered. ","","","","","","","","","","","","","","","","","","","","","","","","","","","","","","",""
"","","Soil","SB-44","","45.00","51.50","SANDY lean CLAY (CL), hard, light olive gray (5 Y 6/2), moist, NATIVE","CL","","","","","","CL","","","","","","","","","","","","","","","","","","","","","","","","None"
"","","","SB-18","","35.00","45.00","hard, WASTE","","","","","","","","","","","","","","","","","","","","","","","","","","","","","","","Solid"
"","","Soil","SB-32","","45.00","50.00","hard, greenish gray (GLEY 6/10Y), dry, iron oxide stringes, NATIVE","","","","","","","","","","","","","","","","","","","","","","","","","","","","","","","Solid"
"","","Soil","SB-44","","23.50","25.00","very stiff, NATIVE","","","","","","","","","","","","","","","","","","","","","","","","","","","","","","","None"
"","","Rock","SB-12","","80.00","80.20","SEDIMENTARY ROCK (MUDSTONE), BEDROCK","BEDROCK","","","","","","Bedrock","","","","","","","","","","","","","","","","","","","","","","","","Solid"
"","","Rock","SB-4","","40.00","50.00"," plastic when wet, BEDROCK","","","","","","","","","","","","","","","","","","","","","","","","","","","","","","","None"
"","","Soil","SB-12","","35.00","41.50","Hard, greenish gray (GLEY 5/1 5GY), damp, medium plasticity, cemented, NATIVE","","","","","","","","","","","","","","","","","","","","","","","","","","","","","","","Solid"
"","","Soil","SB-28","","11.50","","Terminated @ 11.5 ft bgs as planned, GW not encountered. ","","","","","","","","","","","","","","","","","","","","","","","","","","","","","","",""
"","","Soil","SB-28","","10.00","11.50","CLAYEY GRAVEL (GC), damp to moist, dense, 60% GRAVEL,  medium to coarse, ANDESITE gravel, 4"" dia, NATIVE","GC","","","","","","GC","","","","","","","","","","","","","","","","","","","","","","","","Solid"
"","","Rock","SB-23","","16.00","50.60","IGNEOUS ROCK (ANDESITE), slightly weathered, hard, dark gray (10 YR 3/1), BEDROCK","BEDROCK","","","","","","Bedrock","","","","","","","","","","","","","","","","","","","","","","","","None"
"","","Soil","SB-34","","50.00","","Terminated @ 50.0 ft bgs because of SPT and coring refusal. GW encountered @ 19.0 ft bgs. ","","","","","","","","","","","","","","","","","","","","","","","","","","","","","","",""
"","","Soil","SB-43","","15.00","17.00","brown (10 YR 5/3), few GRAVEL, NATIVE","","","","","","","","","","","","","","","","","","","","","","","","","","","","","","","None"
"","","Soil","SB-19","","35.00","40.00","moist, multicolored, mainly yellowish gray with red, well cemented, medium plasticity, fine to medium, few SAND, WASTE","","","","","","","","","","","","","","","","","","","","","","","","","","","","","","","None"
"","","Soil","SB-18","","25.00","45.00","SANDY SILT (ML), little GRAVEL, very stiff, WASTE","ML","","","","","","ML","","","","","","","","","","","","","","","","","","","","","","","","None"
"","","Soil","SB-36","","35.00","36.00","Poorly graded SAND (SP), medium dense, yellowish red (5 YR 5/6), saturated, fine to coarse SAND, WASTE","SP","","","","","","SP","","","","","","","","","","","","","","","","","","","","","","","","Solid"
"","","Soil","SB-35","","0.00","7.50","CLAYEY SAND (SC), medium dense, brown (10 YR 4/4), dry, WASTE","SC","","","","","","SC","","","","","","","","","","","","","","","","","","","","","","","","None"
"","","","SB-6A","","65.00","70.00","dark gray (GLEY 4/N), BEDROCK","","","","","","","","","","","","","","","","","","","","","","","","","","","","","","","Solid"
"","","Soil","SB-45","","20.00","26.00","Well graded GRAVEL with SAND and CLAY (GW-GC), loose, light yellowish brown (2.5 YR 6/3), moist, WASTE","GW-GC","","","","","","GW-GC","","","","","","","","","","","","","","","","","","","","","","","","None"
"","","Soil","SB-10","","7.00","40.00","Lean CLAY with SAND (CL), stiff, grayish brown, WASTE","CL","","","","","","CL","","","","","","","","","","","","","","","","","","","","","","","","None"
"","","Rock","SB-24","","15.00","20.00","highly weathered, very soft, BEDROCK","","","","","","","","","","","","","","","","","","","","","","","","","","","","","","","None"
"","","Soil","SB-18","","14.00","20.00","dry, WASTE","","","","","","","","","","","","","","","","","","","","","","","","","","","","","","","None"
"","","Soil","SB-46","","13.50","15.00","Lean CLAY (CL), dry, NATIVE","CL","","","","","","CL","","","","","","","","","","","","","","","","","","","","","","","","Solid"
"","","Rock","SB-13","","30.00","30.90","SEDIMENTARY ROCK (SHALE), dark gray (5YR 4/1), BEDROCK","BEDROCK","","","","","","Bedrock","","","","","","","","","","","","","","","","","","","","","","","","Solid"
"","","Soil","SB-29","","0.00","5.00","GRAVELLY Lean CLAY with SAND (CL), dark grayish brown (10 YR 4/2), dry, hard, medium plasticity, angular GRAVEL up to 2"", NATIVE","CL","","","","","","CL","","","","","","","","","","","","","","","","","","","","","","","","Solid"
"","","Rock","SB-24","","50.00","60.10","moderately weathered, moderately hard, gray (10 YR 5/1), pulverized, some silica deposits, BEDROCK","","","","","","","","","","","","","","","","","","","","","","","","","","","","","","","None"
"","","Soil","SB-9","","10.00","19.30","Lean CLAY with SAND (CL), stiff, greenish gray (GLEY 5/1 5GY), dry, fine to medium SAND, medium plasticity, cemented, NATIVE","CL","","","","","Gravelly Lean CLAY with sand","CL","","","","","","","dry","medium plasticity","","","","","","","","","","","","","","","","None"
"","","Soil","SB-23","","10.00","15.00","Silty SAND with GRAVEL (SM), dense, brownish yellow and gray, low plasticity, WASTE","SM","","","","","","SM","","","","","","","","","","","","","","","","","","","","","","","","Solid"
"","","Soil","SB-5","","15.00","15.70","reddish brown (5 YR 4/3), dense, moist, NATIVE","","","","","","","","","","","","","","","","","","","","","","","","","","","","","","","Solid"
"","","Soil","SB-28","","0.00","5.00","SANDY Lean CLAY (CL), dark brown (10 YR 3/3), stiff, dry, medium plasticity, fine to medium grained SAND, some tree roots, WASTE","CL","","","","","","CL","","","","","","","","","","","","","","","","","","","","","","","","Solid"
"","","Soil","SB-5","","15.70","40.00","SANDY Lean CLAY (CL), hard, reddish brown (5 YR 5/3), moist, medium plasticity, NATIVE","CL","","","","","Gravelly Lean CLAY with sand","CL","","","","","","","dry","medium plasticity","","","","","","","","","","","","","","","","None"
"","","Rock","SB-33","","20.00","30.00"," light gray (7.5 YR 7/1), BEDROCK","","","","","","","","","","","","","","","","","","","","","","","","","","","","","","","None"
"","","","SB-39","","51.10","","Terminated @ 51.1 ft bgs because of SPT and coring refusal. GW encountered @ 25.0 ft bgs. ","","","","","","","","","","","","","","","","","","","","","","","","","","","","","","",""
"","","Rock","SB-4","","50.00","70.00","very fine platy structure, trace fine SAND, BEDROCK","","","","","","","","","","","","","","","","","","","","","","","","","","","","","","","None"
"","","Soil","SB-36","","36.50","47.00","Poorly graded SAND (SP), dense, olive brown (2.5 YR 4/3), moist, WASTE","SP","","","","","","SP","","","","","","","","","","","","","","","","","","","","","","","","None"
"","","Rock","SB-21","","25.00","30.00","Very dark gray (10 YR 3/1), some cohesion (likely from pulverized rock mixed with water), NATIVE BEDROCK","","","","","","","","","","","","","","","","","","","","","","","","","","","","","","","None"
"","","Soil","SB-32","","0.00","25.00","Sandy SILT (ML), very stiff, color: dark greenish gray  (GLEY 4/1 10GY), secondary color: reddish brown (5 YR 5/4), dry, WASTE","ML","","","","","","ML","","","","","","","","","","","","","","","","","","","","","","","","None"
"","","Soil","SB-28","","7.50","10.00","GRAVELLY Lean CLAY (CL) dark reddish brown (2.5YR 3/4), damp, stiff, low to medium plasticity, NATIVE","CL","","","","","","CL","","","","","","","","","","","","","","","","","","","","","","","","Solid"
"","","Soil","SB-2","","35.00","42.00"," light brownish gray (2.5 YR 6/2), BEDROCK ","","","","","","","","","","","","","","","","","","","","","","","","","","","","","","","Solid"
"","","Soil","SB-14","","25.00","26.50","Moist, fine to coarse SAND, dark bluish gray (GLEY 4/10B), NATIVE","","","","","","","","","","","","","","","","","","","","","","","","","","","","","","","Solid"
"","","Soil","SB-7","","20.00","61.50","SANDY lean CLAY with GRAVEL (CL), stiff, reddish brown (2.5 YR 5/4), dry, fine to coarse SAND, angular GRAVEL, medium plasticity, WASTE","CL","","","","","Lean CLAY with sand","CL","","","","","","","dry","medium plasticity","","","","","","","","","","","","","","","","None"
"","","Soil","SB-2","","20.00","25.00","pale brown (7.5 YR 7/3), cemented, BEDROCK ","","","","","","","","","","","","","","","","","","","","","","","","","","","","","","","None"
"","","Soil","SB-36","","75.00","80.00","fresh, hard, BEDROCK","","","","","","","","","","","","","","","","","","","","","","","","","","","","","","",""
"","","Soil","SB-11","","9.00","16.50","Medium dense, gray (10 YR 6/1), moist, fine to coarse sand, medium plasticity, WASTE","","","","","","Gravelly Lean CLAY with sand","CL","","","","","","","","","","","","","","","","","","","","","","","","None"
"","","Rock","SB-23","","31.00","50.60","moderately weathered, moderately hard, BEDROCK","","","","","","","","","","","","","","","","","","","","","","","","","","","","","","","Solid"
"","","Soil","SB-37","","19.80","25.00","SILT (ML), light olive gray (5Y 6/2), dry to damp, stiff, NATIVE","ML","","","","","","ML","","","","","","","","","","","","","","","","","","","","","","","","Solid"
"","","Soil","SB-17","","7.50","10.00"," pale brown (2.5 Y 7/4), more cementation, multicolored, NATIVE","","","","","","","","","","","","","","","","","","","","","","","","","","","","","","","Solid"
"","","Soil","SB-44","","7.50","30.00","Lean CLAY (CL), very stiff, pale brown (2.5 YR 8/2), dry to moist, trace fine SAND, WASTE","CL","","","","","","CL","","","","","","","","","","","","","","","","","","","","","","","","None"
"","","Soil","SB-21","","15.00","20.00","ANDESITE fragments, some rusting or iron oxidation, WASTE","","","","","","","","","","","","","","","","","","","","","","","","","","","","","","","Solid"
"","","","SB-38","","60.30","","Terminated @ 60.3 ft bgs because of SPT and coring refusal. GW encountered @ 18.5 ft bgs. ","","","","","","","","","","","","","","","","","","","","","","","","","","","","","","","None"
"","","Soil","SB-36","","55.00","70.00"," wet, sloughing in wet graded sands advancing to collect SS @ 70 ft, NATIVE","","","","","","","","","","","","","","","","","","","","","","","","","","","","","","","Solid"
"","","Soil","SB-35","","2.50","7.50","light yellowish brown (10 YR 6/4), WASTE","","","","","","","","","","","","","","","","","","","","","","","","","","","","","","","Solid"
"","","Rock","SB-21","","30.00","31.00"," Hard, iron oxidation, NATIVE BEDROCK","","","","","","","","","","","","","","","","","","","","","","","","","","","","","","","None"
"","","Soil","SB-18","","4.30","25.00","SILTY SAND (SM), dark gray (10 YR 4/1), dry, medium dense, WASTE","SM","","","","","","SM","","","","","","","","","","","","","","","","","","","","","","","","None"
"","","Rock","SB-1","","45.40","45.40"," hard, pale brown (10 YR 6/3), dry, trace fine to medium SAND, uniform with oxide stringes, BEDROCK ","","","","","","","","","","","","","","","","","","","","","","","","","","","","","","","Solid"
"","","Rock","SB-1","","37.00","37.00","some well graded small GRAVEL, brownish yellow (10 YR 6/6), BEDROCK ","","","","","","","","","","","","","","","","","","","","","","","","","","","","","","","None"
"","","Soil","SB-40","","2.50","5.00","light brownish gray (10 YR 6/2), dry, WASTE","","","","","","","","","","","","","","","","","","","","","","","","","","","","","","","None"
"","","Soil","SB-32","","70.00","75.00","highly weathered, soft, dark reddish brown (5 YR 3/3), BEDROCK","","","","","","","","","","","","","","","","","","","","","","","","","","","","","","","None"
"","","Rock","SB-38","","25.00","60.30","SEDIMENTARY ROCK (SANDSTONE), highly weathered, soft, dark gray (5Y 4/1), wet, BEDROCK","BEDROCK","","","","","","Bedrock","","","","","","","","","","","","","","","","","","","","","","","","None"
"","","Soil","SB-46","","0.00","5.00","Lean CLAY (CL), light brown (7.5 YR6/3), dry, trace SAND, little GRAVEL, WASTE","CL","","","","","","CL","","","","","","","","","","","","","","","","","","","","","","","","None"
"","","Soil","SB-32","","10.00","15.00","very stiff, damp,  6.5Y 2/4, lower 4"" red SANDY cemented soil, WASTE","","","","","","","","","","","","","","","","","","","","","","","","","","","","","","","None"
"","","Soil","SB-33","","5.00","7.50","pinkish white (7.5 YR 8/2), NATIVE","","","","","","","","","","","","","","","","","","","","","","","","","","","","","","","Solid"
"","","Soil","SB-31","","20.00","40.00","fresh, hard, BEDROCK","","","","","","","","","","","","","","","","","","","","","","","","","","","","","","",""
"","","Soil","SB-32","","75.00","77.00"," slightly weathered, hard, dark reddish brown (5 YR 3/4), BEDROCK","","","","","","","","","","","","","","","","","","","","","","","","","","","","","","","None"
"","","Rock","SB-37","","53.00","60.00","IGNEOUS ROCK (ANDESITE), fresh, hard, BEDROCK","BEDROCK","","","","","","Bedrock","","","","","","","","","","","","","","","","","","","","","","","","Solid"
"","","Rock","SB-8","","30.10","40.80","SEDIMENTARY ROCK (MUDSTONE), highly weathered, soft bluish gray (GLEY 5/10B), dry, BEDROCK","BEDROCK","","","","","","Bedrock","","","","","","","","","","","","","","","","","","","","","","","","Solid"
"","","Soil","SB-4","","23.00","34.50","SANDY lean CLAY (CL), hard, yellowish brown (10 YR5/4), dry, NATIVE","CL","","","","","","CL","","","","","","","","","","","","","","","","","","","","","","","","None"
"","","Soil","SB-4","","20.00","23.00","brown (10 YR 5/4), NATIVE","","","","","","","","","","","","","","","","","","","","","","","","","","","","","","","Solid"
"","","Soil","SB-31","","0.00","1.00","CLAYEY GRAVEL with SAND (GC), angular GRAVEL, low cementation, WASTE","GC","","","","","","GC","","","","","","","","","","","","","","","","","","","","","","","","Solid"
"","","Soil","SB-24","","25.00","35.00","dry, gray (10 YR 5/1), low plasticity, ANDESITE fragments, BEDROCK","","","","","","","","","","","","","","","","","","","","","","","","","","","","","","","None"
"","","Rock","SB-4","","75.00","75.00","white quartz, BEDROCK","","","","","","","","","","","","","","","","","","","","","","","","","","","","","","",""
"","","Soil","SB-35","","35.00","36.50","CLAYEY SAND with GRAVEL (SC), dense, NATIVE","SP","","","","","","SP","","","","","","","","","","","","","","","","","","","","","","","","Solid"
"","","","SB-46","","51.30","","Terminated @ 51.3 ft bgs because of SPT and coring refusal. GW encountered @ 25.0 ft bgs","","","","","","","","","","","","","","","","","","","","","","","","","","","","","","","Solid"
"","","Rock","SB-17","","35.00","35.75","moderately weathered, moderately hard, BEDROCK ","","","","","","","","","","","","","","","","","","","","","","","","","","","","","","","None"
"","","Soil","SB-40","","47.00","50.20","Well graded GRAVEL (GW), very dense, very dark gray (10 YR 3/1), angular ANDESITE ROCK with coarse SANDS, NATIVE","GW","","","","","","GW","","","","","","","","","","","","","","","","","","","","","","","","Solid"
"","","Soil","SB-8","","0.00","9.00","SILTY SAND with GRAVEL (SM), medium dense, reddish brown (5 YR 4/4), medium to coarse grained SAND, angular GRAVEL up to 2"", low plasticity, WASTE","GP-GC","","","","","","GP-GC","","","","","","","","","","","","","","","","","","","","","","","","Solid"
"","","Soil","SB-5","","55.00","56.50"," (3/N), medium plasticity, fine to coarse grained SAND, NATIVE","","","","","","","","","","","","","","","","","","","","","","","","","","","","","","","None"
"","","","SB-35","","10.00","15.00","hard, WASTE","","","","","","","","","","","","","","","","","","","","","","","","","","","","","","","None"
"","","Soil","SB-43","","10.00","20.00"," loose, brownish yellow (10 YR 6/6), WASTE","","","","","","","","","","","","","","","","","","","","","","","","","","","","","","","None"
"","","Soil","SB-9","","40.00","45.00","hard, greenish gray (GLEY 5/1 10Y), medium plasticity, decomposed MUDSTONE, NATIVE","","","","","","","","","","","","","","","","","","","","","","","","","","","","","","","None"
"","","Soil","SB-44","","35.00","43.00","SANDY lean CLAY (CL), very stiff, dark yellowish brown (10 YR 4/4), moist, fine SAND, NATIVE","CL","","","","","","","","","","","","","","","","","","","","","","","","","","","","","","None"
"","","Soil","SB-8","","15.00","20.00","SILTY SAND with GRAVEL (SM), NATIVE","SM","","","","","","SM","","","","","","","","","","","","","","","","","","","","","","","","None"
"","","Soil","SB-38","","10.00","15.00","SANDY elastic SILT (MH), hard, pale yellow (5Y 7/4), dry, fine to medium SAND, some chucks of GRAVEL weathered, medium plasticity, cemented, WASTE","MH","","","","","","MH","","","","","","","","","","","","","","","","","","","","","","","","Solid"
"","","Soil","SB-44","","2.50","5.00","medium dense, dark yellowish brown (10 YR 4/6), WASTE","","","","","","","","","","","","","","","","","","","","","","","","","","","","","","","Solid"
"","","Soil","SB-2","","0.00","5.00","GRAVELLY lean CLAY (CL), light olive brown (2.5 YR 5/4), dry, WASTE","CL","","","","","","CL","","","","","","","","","","","","","","","","","","","","","","","","None"
"","","Soil","SB-31","","1.00","5.00","CLAYEY SAND with GRAVEL (SC), light brown, medium dense, dry, medium plasticity, low cementation, WASTE","SC","","","","","","SC","","","","","","","","","","","","","","","","","","","","","","","","Solid"
"","","","SB-9","","80.00","","Terminated @ 80.0 ft bgs because of SPT and coring refusal. GW Monitored with water level and read 32 ft below ground surface bgs. No samples were wet through 32 ft bgs, could be perched ground water. ","","","","","","","","","","","","","","","","","","","","","","","","","","","","","","",""
"","","Soil","SB-1","","45.40","","Terminated @ 45.4 ft bgs because of SPT and coring refusal. GW not encountered. ","","","","","","","","","","","","","","","","","","","","","","","","","","","","","","",""
"","","Soil","SB-39","","0.00","15.00","Sandy elastic SILT (MH), dry, pale brown (10 YR 6/3), WASTE","MH","","","","","","MH","","","","","","","","","","","","","","","","","","","","","","","","None"
"","","Soil","SB-13","","25.00","30.00","Stiff, NATIVE","","","","","","","","","","","","","","","","","","","","","","","","","","","","","","",""
"","","Soil","SB-42","","31.00","40.00","CLAYEY SAND (SC), gray (GLEY 5/N), very dense, wet, NATIVE","SC","","","","","","SC","","","","","","","","","","","","","","","","","","","","","","","","Solid"
"","","Soil","SB-26","","10.00","15.00","dark brown (10 YR 3/3), dry, NATIVE","","","","","","","","","","","","","","","","","","","","","","","","","","","","","","","Solid"
"","","","SB-21","","44.00","","slightly weathered, hard","","","","","","","","","","","","","","","","","","","","","","","","","","","","","","","Solid"
"","","Soil","SB-39","","30.50","34.00","very dense, NATIVE","","","","","","","","","","","","","","","","","","","","","","","","","","","","","","","Solid"
"","","Soil","SB-45","","21.50","25.00","NATIVE","","","","","","","","","","","","","","","","","","","","","","","","","","","","","","","Solid"
"","","Soil","SB-39","","27.00","34.00","Well graded GRAVEL with SAND (GW), wet, NATIVE","GW","","","","","","GW","","","","","","","","","","","","","","","","","","","","","","","","None"
"","","Soil","SB-12","","50.00","80.00","SANDY Lean CLAY (CL), very stiff, wet, NATIVE","CL","","","","","","CL","","","","","","","","","","","","","","","","","","","","","","","","None"
"","","Soil","SB-38","","0.00","2.50","Poorly graded SAND (SP), loose, light gray (10 YR 7/1), dry, WASTE","SP","","","","","","SP","","","","","","","","","","","","","","","","","","","","","","","","Solid"
"","","Soil","SB-45","","15.00","20.00","Well graded GRAVEL with SAND (GW), medium dense, dark gray (5 Y 4/1), moist, WASTE","GW","","","","","","GW","","","","","","","","","","","","","","","","","","","","","","","","Solid"
"","","Soil","SB-10","","65.00","70.00","Stiff, dark gray to very dark gray, NATIVE","","","","","","","","","","","","","","","","","","","","","","","","","","","","","","","None"
"","","Soil","SB-15","","10.00","15.00","ANDESITE ROCK, dark gray (2.5 YR 4/1), ROCK","","","","","","","","","","","","","","","","","","","","","","","","","","","","","","","None"
"","","Soil","SB-42","","5.00","7.50","SANDY elastic SILT (MH), hard, very dark brown (10 YR 2/2), dry, trace GRAVEL, WASTE","MH","","","","","","MH","","","","","","","","","","","","","","","","","","","","","","","","Solid"
"","","Soil","SB-13","","10.00","12.00"," GRAVELLY lean CLAY (CL), brown (10 YR 6/4), NATIVE","","","","","","","","","","","","","","","","","","","","","","","","","","","","","","","None"
"","","Soil","SB-4","","10.00","23.00","CLAYEY SAND with GRAVEL (SC), medium dense,  yellowish brown (10 YR 4/4), dry, fine to medium SAND, NATIVE","SC","","","","","","SC","","","","","","","","","","","","","","","","","","","","","","","","None"
"","","Soil","SB-9","","50.00","60.00"," hard, very dark greenish gray (GLEY 5/5G 1/1), dry, medium plasticity, angular GRAVEL up to 2"", medium cementation, NATIVE","","","","","","","","","","","","","","","","","","","","","","","","","","","","","","","Solid"
"","","Rock","SB-37","","30.00","40.00","ANDESITE (BEDROCK), greenish gray, unaltered, some wood chips, BEDROCK","BEDROCK","","","","","","Bedrock","","","","","","","","","","","","","","","","","","","","","","","","Solid"
"","","Soil","SB-7","","61.50","","Terminated @ 61.5 ft bgs because of SPT and coring refusal. GW not encountered. ","","","","","","","","","","","","","","","","","","","","","","","","","","","","","","",""
"","","Soil","SB-45","","0.00","5.00","SANDY lean CLAY (CL), pale brown (2.5 YR 8/4), dry, WASTE","CL","","","","","","CL","","","","","","","","","","","","","","","","","","","","","","","","None"
"","","Rock","SB-38","","40.00","60.30","very dark greenish gray (GLEY 1 3/10Y), low FINES, BEDROCK","","","","","","","","","","","","","","","","","","","","","","","","","","","","","","","Solid"
"","","Soil","SB-43","","5.00","20.00","very dense, light gray (10 YR 7/2), moist, WASTE","","","","","","","","","","","","","","","","","","","","","","","","","","","","","","","None"
"","","Soil","SB-46","","15.00","20.00","Well graded GRAVEL with CLAY (GW-GC), medium dense, grayish brown (2.5 YR 5/2), dry to moist, few SAND, NATIVE","GW-GC","","","","","","GW-GC","","","","","","","","","","","","","","","","","","","","","","","","Solid"
"","","Soil","SB-18","","20.00","25.00","slightly moist, WASTE","","","","","","","","","","","","","","","","","","","","","","","","","","","","","","","Solid"
"","","Soil","SB-12","","15.00","20.00","GRAVELLY Lean CLAY (CL), very stiff, sedimentary ROCK (MUDSTONE), very dark gray (GLEY 3/N), cemented, NATIVE","CL","","","","","","CL","","","","","","","","","","","","","","","","","","","","","","","","Solid"
"","","Soil","SB-8","","9.00","15.00","SANDY SILT (CL), bluish gray (GLEY 5/5B), damp, fine to coarse SAND, medium plasticity, NATIVE","ML","","","","","","CL","","","","","","","","","","","","","","","","","","","","","","","","Solid"
"","","Soil","SB-36","","0.00","10.00","Lean CLAY (CL), stiff, light yellowish brown (10 YR 6/4), dry, WASTE","CL","","","","","","CL","","","","","","","","","","","","","","","","","","","","","","","","None"
"","","Soil","SB-44","","5.00","7.50","SILTY SAND (SM), medium dense, dark yellowish brown (10 YR 4/4), trace fine GRAVEL, WASTE","SM","","","","","","SM","","","","","","","","","","","","","","","","","","","","","","","","Solid"
"","","","SB-37","","60.00","","Terminated @ 60.0 ft bgs because of SPT and coring refusal. GW encountered @ 30.4 ft bgs.","","","","","","","","","","","","","","","","","","","","","","","","","","","","","","",""
"","","Rock","SB-9","","60.00","80.00","SEDIMENTARY ROCK (MUDSTONE) bluish gray (GLEY 5/10B), dry, highly weathered, fine grained, soft, BEDROCK","BEDROCK","","","","","","Bedrock","","","","","","","","","","","","","","","","","","","","","","","","None"
"","","Soil","SB-26","","50.00","60.00","slightly weathered, hard, BEDROCK","","","","","","","","","","","","","","","","","","","","","","","","","","","","","","","None"
"","","Rock","SB-6A","","70.00","81.00","SEDIMENTARY ROCK (SANDSTONE), highly weathered, moderately soft, moist, black (GLEY 2.5/N), fractured, BEDROCK","SANDSTONE","","","","","","Bedrock","","","","","","","","","","","","","","","","","","","","","","","","None"
"","","Soil","SB-38","","2.50","10.00","SILTY SAND (SM), medium dense, light gray (10 YR 7/1), low to medium plasticity, some GRAVEL and plant roots, WASTE","SM","","","","","","SM","","","","","","","","","","","","","","","","","","","","","","","","None"
"","","Soil","SB-10","","70.00","75.00","Very stiff, dark gray, NATIVE","","","","","","","","","","","","","","","","","","","","","","","","","","","","","","","None"
"","","Soil","SB-4","","30.00","34.50"," dark yellowish brown (10 YR 4/4), NATIVE","","","","","","","","","","","","","","","","","","","","","","","","","","","","","","","Solid"
"","","Soil","SB-32","","50.00","55.00","CLAYEY SAND (SC), medium dense, yellowish brown (10 YR 5/4), dry to moist, iron oxide, NATIVE","SC","","","","","","SC","","","","","","","","","","","","","","","","","","","","","","","","Solid"
"","","Soil","SB-35","","25.00","33.00","Poorly graded SAND (SP), medium dense, gray (2.5 YR 5/1), wet/saturated, uniform, NATIVE","SP","","","","","","SP","","","","","","","","","","","","","","","","","","","","","","","","Solid"
"","","Soil","SB-3","","60.10","","Terminated @ 60.1 ft bgs because of SPT and coring refusal. GW not encountered. ","","","","","","","","","","","","","","","","","","","","","","","","","","","","","","",""
"","","Soil","SB-4","","75.00","","Terminated @ 75.0 ft bgs because of SPT and coring refusal. GW not encountered. ","","","","","","","","","","","","","","","","","","","","","","","","","","","","","","",""
"","","Soil","SB-40","","45.00","47.00","Well graded SAND with GRAVEL (SW), very dense, very dark gray (10 YR 3/1), wet, NATIVE","SW","","","","","","SW","","","","","","","","","","","","","","","","","","","","","","","","Solid"
"","","Rock","SB-43","","25.00","25.80","moderately weathered, moderately hard, BEDROCK","","","","","","","","","","","","","","","","","","","","","","","","","","","","","","","Solid"
"","","Soil","SB-43","","21.50","22.50","medium to coarse SAND, NATIVE","","","","","","","","","","","","","","","","","","","","","","","","","","","","","","","Solid"
"","","Soil","SB-15","","7.50","10.00","Stiff, light olive brown (2.5 YR 5/4), WASTE","","","","","","","","","","","","","","","","","","","","","","","","","","","","","","","None"
"","","Soil","SB-14","","10.00","15.00","bluish gray (GLEY 5/5B), WASTE","","","","","","","","","","","","","","","","","","","","","","","","","","","","","","","Solid"
"","","Soil","SB-36","","36.00","36.50","Well graded SAND (SW), loose to medium dense, gray (GLEY 6/N), WASTE","SW","","","","","","SW","","","","","","","","","","","","","","","","","","","","","","","","Solid"
"","","Soil","SB-36","","15.00","35.00","CLAYEY GRAVEL (GC), loose, greenish gray (GLEY 6/10Y), wet to saturated, WASTE","GC","","","","","","GC","","","","","","","","","","","","","","","","","","","","","","","","None"
"","","Soil","SB-26","","40.00","50.00","IGNEOUS ROCK (ANDESITE), moderately weathered, moderately hard, BEDROCK","","","","","","","","","","","","","","","","","","","","","","","","","","","","","","","None"
"","","Soil","SB-45","","45.00","49.00","wet, moderately weathered, moderately hard, BEDROCK","","","","","","","","","","","","","","","","","","","","","","","","","","","","","","","None"
"","","Rock","SB-18","","50.00","60.00"," slightly weathered, BEDROCK","","","","","","","","","","","","","","","","","","","","","","","","","","","","","","","None"
"","","Soil","SB-34","","15.00","19.00","very stiff, yellowish brown (10 YR 5/4), dry, medium plasticity, medium to coarse grained angular GRAVEL, low cementation, NATIVE","","","","","","","","","","","","","","","","","","","","","","","","","","","","","","","Solid"
"","","Soil","SB-12","","20.00","25.00","CLAYEY GRAVEL WITH SAND (GC), medium dense, very dark gray (GLEY 3/N), low plasticity, cemented, NATIVE","GC","","","","","","GC","","","","","","","","","","","","","","","","","","","","","","","","Solid"
"","","Soil","SB-36","","10.00","15.00","Poorly graded GRAVEL with CLAY and SAND (GP-GC), medium dense, dark gray (GLEY 4/N), dry, WASTE","GP-GC","","","","","","GP-GC","","","","","","","","","","","","","","","","","","","","","","","","Solid"
"","","Soil","SB-44","","40.00","50.00","trace GRAVEL, yellowish brown (10 YR 5/6), lumps of CLAY, NATIVE","","","","","","","","","","","","","","","","","","","","","","","","","","","","","","","Solid"
"","","Soil","SB-11","","0.00","2.50","CLAYEY SAND with GRAVEL (SC), loose, light greenish gray (GLEY 1 7/1 10Y), low plasticity, fine to coarse SAND, WASTE ","SC","","","","","Poorly-graded SAND with clay and gravel","SC","","","","","","","","low plasticity","","","","","","","","","","","","","","","","Solid"
"","","Soil","SB-19","","20.00","25.00","SILTY SAND (SM), dense, very dark reddish brown (7.5 R 3/2), ANDESITE fragments pulverized, dry, WASTE","SM","","","","","","","","","","","","","","","","","","","","","","","","","","","","","","Solid"
"","","Soil","SB-11","","2.50","4.50","Poorly graded GRAVEL with CLAY and SAND (GP), medium dense pinkish gray (5YR 6/2), dry poorly graded, some GRAVEL up to 4"", medium to coarse, WASTE","GP","","","","","Poorly-graded GRAVEL with sand","GP","","","","","","pinkish gray (5 YR 6/2)","dry","","","","","","","","","","","","","","","","","Solid"
"","","Rock","SB-2","","5.00","42.00","highly weathered, moderately hard, light olive brown (2.5 YR 5/4), iron oxide staining, BEDROCK ","BEDROCK","","","","","","Bedrock","","","","","","","","","","","","","","","","","","","","","","","","None"
"","","Rock","SB-19","","70.00","80.00","fresh, hard, BEDROCK","","","","","","","","","","","","","","","","","","","","","","","","","","","","","","","None"
"","","Rock","SB-38","","35.00","40.00","dark grayish brown (10 YR 4/2), fragments of broken ANDESITE, BEDROCK","","","","","","","","","","","","","","","","","","","","","","","","","","","","","","","None"
"","","Soil","SB-11","","50.00","55.00","SILT (ML), very stiff, strong brown (7.5 YR 5/6) dry, low plasticity, NATIVE","ML","","","","","Sandy SILT with gravel","ML","","","","","","strong brown (7.5YR 5/6)","dry","low plasticity","","","","","","","","","","","","","","","","Solid"
"","","Soil","SB-33","","7.50","10.00","CLAYEY SAND with GRAVEL (SC), pink (7.5 YR 8/4), moist, very dense, some GRAVEL, NATIVE","SC","","","","","","SC","","","","","","","","","","","","","","","","","","","","","","","","Solid"
"","","Soil","SB-12","","5.00","15.00","Poorly graded GRAVEL with SAND (GP), medium dense, yellow (2.5 Y 7/6), poorly graded, fragmented broken volcanic ROCKS, angular GRAVEL, WASTE","GP","","","","","","GP","","","","","","","","","","","","","","","","","","","","","","","","None"
"","","Rock","SB-10","","100.00","126.40","SEDIMENTARY ROCK (MUDSTONE), highly weathered, soft, reddish brown and gray, few ANDESITE fragments, BEDROCK","BEDROCK","","","","","","Bedrock","","","","","","","","","","","","","","","","","","","","","","","","None"
"","","Soil","SB-40","","40.00","45.00","CLAYEY GRAVEL with SAND (GC), medium dense, yellowish brown (10 YR 5/4), GRAVEL: angular ANDESTIC, dark gray (10 YR 3/1), NATIVE","GC","","","","","","GC","","","","","","","","","","","","","","","","","","","","","","","","Solid"
"","","Soil","SB-41","","15.00","25.00","CLAYEY GRAVEL with SAND (GC), very dense, dark brown (7.5 YR 3/2), wet, NATIVE","GC","","","","","","GC","","","","","","","","","","","","","","","","","","","","","","","","None"
"","","Soil","SB-4","","0.00","5.00","SANDY SILT (ML), Yellowish Red (5 YR 4/6), hard, WASTE","ML","","","","","","ML","","","","","","","","","","","","","","","","","","","","","","","","Solid"
"","","Soil","SB-44","","10.00","12.50","dark yellowish brown (10 YR 4/4), NATIVE","","","","","","","","","","","","","","","","","","","","","","","","","","","","","","","None"
"","","Soil","SB-32","","65.00","85.10","IGNEOUS ROCK (ANDESITE), moderately weathered, hard, very dense, dark reddish brown (2.5 YR 2.5/3), wet, BEDROCK","BEDROCK","","","","","","Bedrock","","","","","","","","","","","","","","","","","","","","","","","","None"
"","","Soil","SB-39","","50.00","51.10","highly weathered, moderately soft, BEDROCK","","","","","","","","","","","","","","","","","","","","","","","","","","","","","","","None"
"","","Soil","SB-39","","20.00","25.00","very dense, WASTE","","","","","","","","","","","","","","","","","","","","","","","","","","","","","","","Solid"
"","","Soil","SB-25","","49.00","50.00","fresh, very hard, BEDROCK","","","","","","","","","","","","","","","","","","","","","","","","","","","","","","",""
"","","Soil","SB-11","","55.00","81.50","Lean CLAY with SAND (CL), hard, brown (7.5 YR 5/2), dry, fine to medium SAND, medium plasticity, NATIVE","CL","","","","","Lean CLAY with sand","CL","","","","","","brown (7.5 YR 5/2)","dry","medium plasticity","","","","","","","","","","","","","","","","None"
"","","","SB-23","","50.60","","Terminated @ 50.60 ft bgs because of SPT and coring refusal. GW not encountered. ","","","","","","","","","","","","","","","","","","","","","","","","","","","","","","",""
"","","Soil","SB-13","","20.00","22.00","Very stiff, moist, light gray (5 YR 7/1), NATIVE","","","","","","","","","","","","","","","","","","","","","","","","","","","","","","","None"
"","","Soil","SB-34","","19.00","25.00","SANDY SILT (ML) hard, dark gray (10 YR 4/1), wet, medium to high plasticity, fine to medium SAND, low cementation, NATIVE","ML","","","","","","ML","","","","","","","","","","","","","","","","","","","","","","","","Solid"
"","","Soil","SB-5","","4.00","5.00","fine to medium SAND, WASTE","","","","","","","","","","","","","","","","","","","","","","","","","","","","","","","Solid"
"","","Soil","SB-42","","15.00","20.00","very pale brown (10 YR 8/2), wet, iron oxide staining, trace SAND, NATIVE","","","","","","","","","","","","","","","","","","","","","","","","","","","","","","","None"
"","","Soil","SB-45","","7.50","15.00","Lean CLAY (CL), very stiff, olive yellow (2.5 YR 6/6), dry, few fine SAND, WASTE","CL","","","","","","CL","","","","","","","","","","","","","","","","","","","","","","","","None"
"","","","SB-7","","25.00","30.00"," Lean CLAY with SAND, damp, hard, fine to medium SAND, angular GRAVEL, NATIVE","","","","","","","","","","","","","","","","","","","","","","","","","","","","","","","None"
"","","Soil","SB-11","","75.00","76.50","(GLEY 6/5G), NATIVE","","","","","","Lean CLAY with gravel","CL","","","","","","","","","","","","","","","","","","","","","","","","None"
"","","","SB-7","","55.00","60.00","very hard, greenish gray (GLEY 6/5BG), medium to high plasticity, NATIVE","","","","","","","","","","","","","","","","","","","","","","","","","","","","","","","None"
"","","Soil","SB-23","","0.00","10.00","Poorly Graded SAND with GRAVEL (SP), dense, dry light brown and light gray, some weathered ANDESITE gravels, WASTE","SP","","","","","","SP","","","","","","","","","","","","","","","","","","","","","","","","Solid"
"","","Soil","SB-41","","0.00","15.00","GRAVELLY lean CLAY (CL), dark yellowish brown (10 YR 3/6), dry, WASTE","CL","","","","","","CL","","","","","","","","","","","","","","","","","","","","","","","","None"
"","","Soil","SB-38","","7.50","10.00","medium dense, brown (7.5 YR 5/2), coarse GRAVEL, WASTE","","","","","","","","","","","","","","","","","","","","","","","","","","","","","","","Solid"
"","","Soil","SB-34","","5.00","8.00","SANDY lean CLAY with GRAVEL, hard, olive (5Y 4/3), dry, medium plasticity, fine to coarse SAND, highly cemented, NATIVE","","","","","","","","","","","","","","","","","","","","","","","","","","","","","","","None"
"","","Soil","SB-17","","0.00","5.00","Lean CLAY with SAND (CL), black (2.5 Y 8/1) dry, hard, highly cemented, fine to medium grained, medium plasticity, NATIVE","CL","","","","","","CL","","","","","","","","","","","","","","","","","","","","","","","","Solid"
"","","Soil","SB-17","","90.50","","Terminated @ 90.5 ft bgs because of SPT and coring refusal. GW not encountered. ","","","","","","","","","","","","","","","","","","","","","","","","","","","","","","",""
"","","Soil","SB-18","","110.00","","Terminated @ 110 ft bgs because of SPT and coring refusal. GW not encountered. ","","","","","","","","","","","","","","","","","","","","","","","","","","","","","","",""
"","","Soil","SB-12","","45.00","50.00","very stiff, grayish green (GLEY 4/5G 4/1), moist, medium plasticity, < 1"" GRAVEL, NATIVE","","","","","","","","","","","","","","","","","","","","","","","","","","","","","","","Solid"
"","","Rock","SB-33","","15.00","20.00","slightly weathered, hard, gray (2.5Y 5/1), BEDROCK","","","","","","","","","","","","","","","","","","","","","","","","","","","","","","","None"
"","","","SB-6A","","35.00","45.00","moderately hard, BEDROCK","","","","","","","","","","","","","","","","","","","","","","","","","","","","","","","None"
"","","Soil","SB-19","","55.00","65.00","SANDY Lean CLAY (CL) multicolored but mainly black, hard, medium to coarse SAND, medium to high plasticity, moderate cementation, WASTE","CL","","","","","","CL","","","","","","","","","","","","","","","","","","","","","","","","None"
"","","Rock","SB-26","","60.00","70.00"," dark gray, BEDROCK","","","","","","","","","","","","","","","","","","","","","","","","","","","","","","","Solid"
"","","Rock","SB-38","","60.00","61.50"," black (GLEY 1 2.5Y/N), BEDROCK","","","","","","","","","","","","","","","","","","","","","","","","","","","","","","","None"
"","","Rock","SB-24","","10.00","61.50","IGENOUS ROCK (ANDESITE), moderately weathered, moderately hard, dry, gray (10 YR 5/1), BEDROCK","BEDROCK","","","","","","Bedrock","","","","","","","","","","","","","","","","","","","","","","","","None"
"","","Soil","SB-10","","15.00","20.00","Few fine SAND, reddish brown and gray, moist, WASTE","","","","","","","","","","","","","","","","","","","","","","","","","","","","","","","None"
"","","Soil","SB-32","","7.50","10.00"," stiff, weak red (2.5 Y 4/2), medium grained SAND, WASTE","","","","","","","","","","","","","","","","","","","","","","","","","","","","","","","None"
"","","Soil","SB-4","","5.00","7.50","Poorly graded GRAVEL with CLAY (GP-GC), yellowish brown (10 YR 5/4), dry, WASTE","GP-GC","","","","","","GP-GC","","","","","","","","","","","","","","","","","","","","","","","","Solid"
"","","Soil","SB-16","","7.50","26.50","Lean CLAY (CL), stiff, gray (7.5 YR 6/1), moist, trace fine SAND, NATIVE","CL","","","","","","CL","","","","","","","","","","","","","","","","","","","","","","","","None"
"","","Rock","SB-36","","70.00","80.00","IGNEOUS ROCK (ANDESITE), moderately weathered, moderately hard, dark gray to black, fine grained, slightly vesicular, BEDROCK","BEDROCK","","","","","","Bedrock","","","","","","","","","","","","","","","","","","","","","","","","None"
"","","Soil","SB-2","","15.00","20.00"," light brownish gray (2.5 YR 6/2), dry, BEDROCK ","","","","","","","","","","","","","","","","","","","","","","","","","","","","","","","None"
"","","Soil","SB-39","","34.00","40.00","SANDY lean CLAY few GRAVEL (CL), soft, wet, few GRAVEL and SAND, very dark greenish gray (GLEY 3/10GY), NATIVE","CL","","","","","","CL","","","","","","","","","","","","","","","","","","","","","","","","Solid"
"","","Soil","SB-41","","30.10","35.00","Poorly Graded SAND with CLAY and some GRAVEL (SP-SC), moist to wet, very dense, dark reddish brown (5 YR 3/4)","SP-SC","","","","","","SP-SC","","","","","","","","","","","","","","","","","","","","","","","","Solid"
"","","Soil","SB-41","","13.00","15.00","brown (7.5 YR 4/4), moist, WASTE","","","","","","","","","","","","","","","","","","","","","","","","","","","","","","","Solid"
"","","Soil","SB-21","","0.00","20.00","Poorly graded SAND with GRAVEL (SP), very dense, moist, light brown, some organics, WASTE","SP","","","","","","SP","","","","","","","","","","","","","","","","","","","","","","","","None"
"","","","SB-41","","40.00","","Terminated @ 40.0 ft because of SPT and coring refusal. GW encountered @ 15.5 ft bgs. ","","","","","","","","","","","","","","","","","","","","","","","","","","","","","","","Solid"
"","","Soil","SB-12","","10.00","15.00","Pale brown (2.5 Y 7/3) GRAVEL up to 4"", NATIVE","","","","","","","","","","","","","","","","","","","","","","","","","","","","","","","Solid"
"","","Soil","SB-11","","70.00","75.00","Bluish gray (GLEY 6/5B), NATIVE","","","","","","Lean CLAY with sand","CL","","","","","","","","","","","","","","","","","","","","","","","","None"
"","","Soil","SB-40","","25.00","30.10","Well graded SAND with GRAVEL (SW), dense, light yellowish brown (10 YR 6/4), dry to moist, WASTE","SW","","","","","","SW","","","","","","","","","","","","","","","","","","","","","","","","Solid"
"","","Soil","SB-40","","0.00","15.00","SANDY Lean CLAY (CL), very stiff, very pale brown (10 YR 7/3), dry, few GRAVEL, trace, WASTE","CL","","","","","","CL","","","","","","","","","","","","","","","","","","","","","","","","None"
"","","Soil","SB-21","","45.25","","Terminated @ 45.25 ft bgs because of SPT and coring refusal. GW not encountered. ","","","","","","","","","","","","","","","","","","","","","","","","","","","","","","",""
"","","Soil","SB-9","","5.00","7.50","Lean CLAY with SAND (CL), stiff, light greenish gray (GLEY 7/5GY), dry, fine to medium SAND, medium plasticity, decomposed MUDSTONE, WASTE","CL","","","","","Gravelly Lean CLAY with sand","CL","","","","","","","dry","medium plasticity","","","","","","","","","","","","","","","","Solid"
"","","Soil","SB-26","","2.50","10.00","dark reddish gray, NATIVE","","","","","","","","","","","","","","","","","","","","","","","","","","","","","","","None"
"","","Rock","SB-18","","70.00","80.00","hard, unaltered, vesicular, BEDROCK","","","","","","","","","","","","","","","","","","","","","","","","","","","","","","","None"
"","","Soil","SB-11","","30.00","41.50","very stiff, gray (10 YR 6/1), dry, fine to coarse sand, medium plasticity, NATIVE","","","","","","Poorly-graded SAND with silt and gravel","SM","","","","","","","","","","","","","","","","","","","","","","","","None"
"","","Soil","SB-5","","25.00","30.00","dark grey (5 YR 4/1), GRAVEL up to 0.5"", NATIVE","","","","","","","","","","","","","","","","","","","","","","","","","","","","","","","None"
"","","Soil","SB-5","","56.50","60.00"," angular GRAVEL, NATIVE","","","","","","","","","","","","","","","","","","","","","","","","","","","","","","","None"
"","","Soil","SB-41","","5.00","7.50","hard, WASTE","","","","","","","","","","","","","","","","","","","","","","","","","","","","","","","None"
"","","Soil","SB-40","","23.00","25.00","Well graded GRAVEL (GW), angular ANDESITE/BASALT ROCK, with little to some SAND, WASTE","GW","","","","","","GW","","","","","","","","","","","","","","","","","","","","","","","","Solid"
"","","Soil","SB-40","","5.00","10.00","yellowish red (2.5 YR 4/6), stiff, WASTE","","","","","","","","","","","","","","","","","","","","","","","","","","","","","","","None"
"","","Soil","SB-41","","10.00","13.00"," dry, brown (7.5 YR 4/3), WASTE","","","","","","","","","","","","","","","","","","","","","","","","","","","","","","","None"
"","","Soil","SB-6A","","2.50","5.00","yellowish red (5 YR 4/6), NATIVE","","","","","","","","","","","","","","","","","","","","","","","","","","","","","","","None"
"","","Soil","SB-22","","25.00","","Terminated @ 25.0 ft bgs because of SPT and coring refusal. GW not encountered. ","","","","","","","","","","","","","","","","","","","","","","","","","","","","","","",""
"","","Soil","SB-10","","45.00","100.00","Lean CLAY (CL), stiff, gray, moist, NATIVE","CL","","","","","Lean CLAY","CL","","","","","","","moist","","","","","","","","","","","","","","","","","None"
"","","Soil","SB-36","","50.00","70.00","CLAYEY SAND (SC), dense, dark grayish olive (10Y-5GY 4/2), moist to wet, NATIVE","SC","","","","","","SP","","","","","","","","","","","","","","","","","","","","","","","","None"
"","","Soil","SB-11","","4.50","7.50","SANDY lean CLAY (CL), stiff, gray (10 YR 6/1), dry, fine to coarse sand, medium plasticity, WASTE","CL","","","","","Gravelly Lean CLAY with sand","CL","","","","","","gray (10YR 6/1)","dry","medium plasticity","","","","","","","","","","","","","","","","Solid"
"","","Soil","SB-5","","5.00","7.50","SILTY SAND with GRAVEL (SM), grayish white (5 YR 6/2), medium to coarse GRAVEL, fine to medium SAND, WASTE","SM","","","","","","SM","","","","","","","","","","","","","","","","","","","","","","","","Solid"
"","","Soil","SB-7","","9.00","15.00","Poorly-graded SAND with SILT and GRAVEL (SP-SM), loose, greenish gray (GLEY 6/1 10Y), dry, fine to coarse SAND, angular GRAVEL up to 1"", NATIVE","SP-SM","","","","","Silty SAND","SP-SM","","","","","","","","","","","","","","","","","","","","","","","","Solid"
"","","Soil","SB-36","","47.00","50.00","Well graded SAND (SW), very dense, very dark greenish gray (GLEY 3/1 5GY), NATIVE","SW","","","","","","SW","","","","","","","","","","","","","","","","","","","","","","","","Solid"
"","","Soil","SB-37","","40.00","53.00","CLAYEY SAND with GRAVEL (SC), light yellowish brown (10 YR 6/4), medium dense, wet, fine to coarse SAND, low to medium plasticity, NATIVE","SC","","","","","","SC","","","","","","","","","","","","","","","","","","","","","","","","Solid"
"","","Soil","SB-34","","35.00","40.00","medium dense, pale brown (2.5 Y 7/4), coarse to fine GRAVEL, angular to sub rounded, medium to coarse SAND, NATIVE","","","","","","","GP","","","","","","","","","","","","","","","","","","","","","","","","Solid"
"","","Soil","SB-13","","9.00","10.00","very dark grayish brown (10YR 3/2), NATIVE","","","","","","","","","","","","","","","","","","","","","","","","","","","","","","","None"
"","","","SB-2","","33.00","35.00","SEDIMENTARY ROCK (MUDSTONE), slightly weathered, hard, greenish gray, BEDROCK ","","","","","","","","","","","","","","","","","","","","","","","","","","","","","","","None"
"","","Soil","SB-1","","0.00","2.50","GRAVELLY lean CLAY with SAND (CL), light yellowish brown (10 YR 6/4), dry, NATIVE","CL","","","","","","CL","","","","","","","","","","","","","","","","","","","","","","","","Solid"
"","","Soil","SB-32","","85.10","","Terminated @ 85.1 ft bgs because of SPT and coring refusal. Perched water encountered at 65 ft bgs. ","","","","","","","","","","","","","","","","","","","","","","","","","","","","","","",""
"","","Soil","SB-43","","0.00","20.00","CLAYEY SAND (SC), pale brown (2.5 YR 8/2), dry, moist, few GRAVEL, WASTE","SC","","","","","","SC","","","","","","","","","","","","","","","","","","","","","","","","None"
"","","Soil","SB-46","","20.00","35.00","Well graded SAND with CLAY and GRAVEL (SW-SC), medium dense, dark yellowish brown (10 YR 4/6), moist, NATIVE","SW-SC","","","","","","SW-SC","","","","","","","","","","","","","","","","","","","","","","","","None"
"","","Soil","SB-40","","30.10","35.00","CLAYEY SAND with GRAVEL (SC), medium dense, grayish brown (10 YR 5/2), wet, NATIVE","SC","","","","","","SC","","","","","","","","","","","","","","","","","","","","","","","","Solid"
"","","Soil","SB-41","","25.00","30.10","Lean CLAY (CL), soft, strong brown (7.5 YR 4/6), wet, NATIVE","CL","","","","","","CL","","","","","","","","","","","","","","","","","","","","","","","","Solid"
"","","Soil","SB-17","","20.00","25.00"," more black color, well cemented, NATIVE","","","","","","","","","","","","","","","","","","","","","","","","","","","","","","","Solid"
"","","Soil","SB-44","","17.50","20.00"," few SAND, yellowish brown (10 YR 5/6), moist, NATIVE","","","","","","","","","","","","","","","","","","","","","","","","","","","","","","","None"
"","","Soil","SB-42","","7.50","31.00","SANDY lean CLAY (CL), soft, very pale brown (10 YR 8/4), moist, NATIVE","CL","","","","","","CL","","","","","","","","","","","","","","","","","","","","","","","","None"
"","","Soil","SB-14","","15.00","26.50","SANDY lean CLAY with GRAVEL (CL) stiff, very dark gray (GLEY 3/N), WASTE","CL","","","","","","","","","","","","","","","","","","","","","","","","","","","","","","None"
"","","Soil","SB-20","","15.30","","Terminated @ 15.3 ft bgs because of SPT and coring refusal. GW not encountered. ","","","","","","","","","","","","","","","","","","","","","","","","","","","","","","",""
"","","Soil","SB-10","","50.00","55.00","Very stiff to hard, light grayish brown, NATIVE","","","","","","","","","","","","","","","","","","","","","","","","","","","","","","","None"
"","","Soil","SB-14","","22.00","25.00","GRAVELLY CLAY (CL), stiff, bluish gray (GLEY 5/10B), dry, angular GRAVEL up to 3"", medium plasticity, NATIVE","","","","","","","","","","","","","","","","","","","","","","","","","","","","","","","None"
"","","Soil","SB-22","","0.00","10.00","Poorly graded SAND with GRAVEL (SP), dense, dry, some organics (moist), some weathered ANDESITE fragments, NATIVE","SP","","","","","","SP","","","","","","","","","","","","","","","","","","","","","","","","Solid"
"","","Soil","SB-13","","8.00","30.00","moist, light gray (10YR 7/2), NATIVE","CL","","","","","","CL","","","","","","","","","","","","","","","","","","","","","","","","None"
"","","Soil","SB-39","","10.00","15.00","light yellowish brown (2.5 YR 6/3), dry, WASTE","","","","","","","","","","","","","","","","","","","","","","","","","","","","","","","Solid"
"","","Rock","SB-33","","50.00","65.00"," very dark gray (7.5 YR 3/1), BEDROCK","","","","","","","","","","","","","","","","","","","","","","","","","","","","","","","Solid"
"","","Soil","SB-12","","80.20","","Terminated @ 80.2 ft bgs because of SPT and coring refusal. Perched water table at 50 ft bgs. ","","","","","","","","","","","","","","","","","","","","","","","","","","","","","","",""
"","","","SB-7","","40.00","45.00","fine to medium SAND, hard, greenish gray (GLEY 6/5 BG), NATIVE","","","","","","","","","","","","","","","","","","","","","","","","","","","","","","","None"
"","","Soil","SB-44","","12.50","17.50","yellowish brown (10 YR 5/6), moist, some SAND, NATIVE","","","","","","","","","","","","","","","","","","","","","","","","","","","","","","","None"
"","","Soil","SB-5","","50.00","60.42","SANDY LEAN CLAY (CL) very hard, (4/N), dry, low to medium plasticity, fine to medium SAND, NATIVE","CL","","","","","","CL","","","","","","","","","","","","","","","","","","","","","","","","None"
"","","Soil","SB-41","","20.00","25.00"," yellowish brown (10 YR 5/4), medium to coarse SAND, NATIVE","","","","","","","","","","","","","","","","","","","","","","","","","","","","","","","Solid"
"","","Soil","SB-29","","10.00","11.50","CLAYEY GRAVEL with SAND (GC), brown (10 YR 5/2), dry, medium plasticity, angular GRAVEL up to 3"", low cementation, NATIVE","GC","","","","","","GC","","","","","","","","","","","","","","","","","","","","","","","","Solid"
"","","Soil","SB-11","","80.00","81.50","(GLEY 6/5G), fine to coarse SAND, NATIVE","","","","","","Lean CLAY with sand","CL","","","","","","","","","","","","","","","","","","","","","","","","Solid"
"","","","SB-35","","20.00","25.00","medium dense, WASTE","","","","","","","","","","","","","","","","","","","","","","","","","","","","","","",""
"","","Rock","SB-24","","5.00","6.00","ANDESITE (BEDROCK), hard, gray, some plasticity, BEDROCK","BEDROCK","","","","","","Bedrock","","","","","","","","","","","","","","","","","","","","","","","","Solid"
"","","Soil","SB-15","","30.40","","Terminated @ 30.4 ft bgs because of SPT and coring refusal. GW not encountered. ","","","","","","","","","","","","","","","","","","","","","","","","","","","","","","",""
"","","Soil","SB-10","","95.00","100.00","Lean CLAY with SAND and GRAVEL (CL), stiff, gray, moist, NATIVE","","","","","","Lean CLAY","CL","","","","","","","moist","","","","","","","","","","","","","","","","","Solid"
"","","Soil","SB-8","","17.00","20.00"," SILTY SAND with GRAVEL (SM), medium dense, reddish brown (5 YR 5/3), dry, fine to coarse SAND, angular GRAVEL up to 2"", NATIVE","","","","","","","SM","","","","","","","","","","","","","","","","","","","","","","","","Solid"
"","","Soil","SB-40","","10.00","15.00","dark grayish brown (10 YR 4/2), some SAND, little GRAVEL, WASTE","","","","","","","","","","","","","","","","","","","","","","","","","","","","","","","Solid"
"","","","SB-6A","","79.00","80.10","slightly weathered, hard, BEDROCK","","","","","","","","","","","","","","","","","","","","","","","","","","","","","","","None"
"","","Soil","SB-15","","15.00","20.00","Olive brown (2.5 YR 4/3), ROCK","","","","","","","","","","","","","","","","","","","","","","","","","","","","","","","Solid"
"","","Soil","SB-8","","26.70","30.10","greenish gray (GLEY 5/10BG), damp, fine to medium SAND, low plasticity, <1"" GRAVEL, NATIVE","","","","","","","CL","","","","","","","","","","","","","","","","","","","","","","","","Solid"
"","","Soil","SB-1","","5.00","5.50","SILTY, CLAYEY GRAVEL with SAND (GC-GM), very dense light yellowish brown (10 YR 6/4), dry, NATIVE","CL","","","","","","CL","","","","","","","","","","","","","","","","","","","","","","","","Solid"
"","","Soil","SB-19","","10.00","15.00","CLAYEY GRAVEL with SAND (GC), medium dense, very dark grayish brown (10 Y 3/2), dry, medium cementation, fragmented ANDESITE, WASTE","GC","","","","","","GC","","","","","","","","","","","","","","","","","","","","","","","","Solid"
"","","Soil","SB-19","","15.00","20.00","GRAVELLY lean CLAY with SAND (CL), very stiff, very dark grayish brown (10 Y 3/2), dry, medium plasticity, WASTE","CL","","","","","","CL","","","","","","","","","","","","","","","","","","","","","","","","Solid"
"","","Soil","SB-45","","2.50","5.00","few fine SAND, hard, light yellowish brown (10 YR 6/3)","","","","","","","","","","","","","","","","","","","","","","","","","","","","","","","Solid"
"","","Soil","SB-25","","5.00","7.50","Elastic SILT with GRAVEL (MH), dry, hard, gray, weathered ANDESITE, WASTE","MH","","","","","","CL","","","","","","","","","","","","","","","","","","","","","","","","Solid"
"","","","SB-7","","35.00","40.00"," Lean CLAY with SAND and GRAVEL up to 2"", very hard, greenish gray (GLEY 6/1 5GY), damp, medium to high plasticity, fine to coarse SAND, NATIVE","","","","","","","","","","","","","","","","","","","","","","","","","","","","","","","None"
"","","Soil","SB-37","","25.00","30.00","CLAYEY GRAVEL with SAND (GC), very dark grayish brown (10 YR 3/2), moist, dense, angular GRAVEL up to 2"", broken ROCK fragments, NATIVE","GC","","","","","","GC","","","","","","","","","","","","","","","","","","","","","","","","Solid"
"","","Soil","SB-14","","0.00","5.00","CLAYEY GRAVEL (GC), dense, pale red (2.5 YR 6/2), dry, WASTE","GC","","","","","Clayey GRAVEL","GC","","","","","","","dry","","","","","","","","","","","","","","","","","Solid"
"","","Soil","SB-35","","15.00","25.00","CLAYEY SAND (SC), very dense, dark yellowish brown (10 YR 3/4), dry, WASTE","SW-SC","","","","","","SW-SC","","","","","","","","","","","","","","","","","","","","","","","","None"
"","","Soil","SB-10","","55.00","60.00","Gray, NATIVE","","","","","","","","","","","","","","","","","","","","","","","","","","","","","","","None"
"","","Soil","SB-37","","0.00","4.80","Lean CLAY (CL), yellowish brown (10 YR 5/4), dry, trace coarse SANDS, NATIVE","CL","","","","","","CL","","","","","","","","","","","","","","","","","","","","","","","","None"
"","","Soil","SB-32","","62.00","65.00","gray (2.5 YR 5/1), soapy when hydrated, NATIVE","","","","","","","","","","","","","","","","","","","","","","","","","","","","","","","Solid"
"","","Soil","SB-19","","60.00","65.00","very stiff, damp, black, fragmented ANDESITE, medium plasticity, NATIVE","","","","","","","","","","","","","","","","","","","","","","","","","","","","","","","Solid"
"","","Rock","SB-15","","25.00","30.40","Sedimentary ROCK (SANDSTONE), dark gray (2.5 YR 4/1), ROCK","SANDSTONE","","","","","","Bedrock","","","","","","","","","","","","","","","","","","","","","","","","None"
"","","Soil","SB-34","","10.00","15.00","very stiff, very dark bluish gray (GLEY 2 3/5B), some yellow color white stratified with decomposed ROCK, NATIVE","","","","","","","","","","","","","","","","","","","","","","","","","","","","","","","None"
"","","Soil","SB-5","","30.00","35.00","gray (5 YR 5/1), medium to coarse SAND, NATIVE","","","","","","","","","","","","","","","","","","","","","","","","","","","","","","","Solid"
"","","Soil","SB-19","","0.00","5.00","SANDY lean CLAY (CL), very stiff, very dark greenish gray (GLEY 2 3/10G) dry, medium plasticity, low cementation, WASTE","CL","","","","","","SC","","","","","","","","","","","","","","","","","","","","","","","","Solid"
"","","Soil","SB-19","","5.00","7.50","CLAYEY SAND (SC), dry, dense, medium cementation, ANDESITE fragments broken, WASTE","SC","","","","","","","","","","","","","","","","","","","","","","","","","","","","","","Solid"
"","","Rock","SB-38","","51.50","60.30","IGNEOUS ROCK (ANDESITE), slightly weathered, hard, wet, BEDROCK","","","","","","","","","","","","","","","","","","","","","","","","","","","","","","","None"
"","","","SB-7","","0.00","20.00","Sulphur presence in soil, WASTE","","","","","","","","","","","","","","","","","","","","","","","","","","","","","","","Solid"
"","","Soil","SB-42","","11.50","15.00","very pale brown (10 YR 8/3), moist to wet, iron oxide staining, NATIVE","","","","","","","","","","","","","","","","","","","","","","","","","","","","","","","None"
"","","Rock","SB-18","","45.00","110.00","IGNEOUS ROCK (ANDESITE), moderately weathered, moderately hard, dry, BEDROCK","BEDROCK","","","","","","Bedrock","","","","","","","","","","","","","","","","","","","","","","","","None"
"","","Soil","SB-1","","2.50","5.00","CLAYEY SAND with GRAVEL (SC), very dense, light yellowish brown (10 YR 6/4), dry, NATIVE","SC","","","","","","SC","","","","","","","","","","","","","","","","","","","","","","","","Solid"
"","","Soil","SB-43","","25.80","","Terminated @ 25.8 ft bgs becasue of SPT and coring refusal. GW not encountered. ","","","","","","","","","","","","","","","","","","","","","","","","","","","","","","","Solid"
"","","Soil","SB-12","","25.00","41.50","SANDY Lean CLAY (CL), stiff, greenish gray (GLEY 5/1 5GY), moist, fine to coarse grained SAND, medium to high plasticity, NATIVE","CL","","","","","","CL","","","","","","","","","","","","","","","","","","","","","","","","None"
"","","Soil","SB-6A","","16.50","30.00","hard, red (2.5 YR 4/6), dry, NATIVE","","","","","","","","","","","","","","","","","","","","","","","","","","","","","","","None"
"","","Soil","SB-9","","45.00","50.00"," hard, very dark greenish gray (GLEY 3/5G 1/1), angular GRAVEL up to 2"", medium plasticity, good cementation, NATIVE","","","","","","","","","","","","","","","","","","","","","","","","","","","","","","","None"
"","","Soil","SB-35","","7.50","15.00","SANDY lean CLAY (CL), medium stiff, brown (10 YR 4/3), moist, WASTE","CL","","","","","","CL","","","","","","","","","","","","","","","","","","","","","","","","None"
"","","Rock","SB-17","","30.75","35.00","very soft, dry, BEDROCK","","","","","","","","","","","","","","","","","","","","","","","","","","","","","","","None"
"","","Soil","SB-16","","25.00","26.50","SANDY lean CLAY (CL), very stiff, dark gray (2.5 Y 4/1), 64.38 % FINES, NATIVE","","","","","","","","","","","","","","","","","","","","","","","","","","","","","","","Solid"
"","","","SB-26","","70.00","","Terminated @ 70.0 ft bgs because of SPT and coring refusal. GW not encountered. ","","","","","","","","","","","","","","","","","","","","","","","","","","","","","","",""
"","","Soil","SB-10","","30.00","35.00","Lean CLAY with SAND and GRAVEL (CL), stiff, gray and brown, moist little fine SAND and GRAVEL, ANDESITE fragments, NATIVE","","","","","","","","","","","","","","","","","","","","","","","","","","","","","","","None"
"","","Soil","SB-10","","40.00","45.00","CLAYEY SAND with GRAVEL (SC), very dense, dark gray, ANDESITE fragments with some CLAY, wood fragments, NATIVE","SC","","","","","Clayey GRAVEL","SC","","","","","","","","","","","","","","","","","","","","","","","","Solid"
"","","Soil","SB-37","","10.00","15.00","dark grayish brown (2.5 YR 4/2), dry to moist, NATIVE","","","","","","","","","","","","","","","","","","","","","","","","","","","","","","","None"
"","","Soil","SB-46","","10.00","13.50","Well graded GRAVEL with SAND (GW), medium dense, very dark gray (2.5 YR 3/1), dry, trace CLAY, NATIVE","GW","","","","","","GW-GC","","","","","","","","","","","","","","","","","","","","","","","","Solid"
"","","Rock","SB-39","","45.00","51.10","IGNEOUS ROCK (ANDESITE), fresh, hard, fine platy structure, BEDROCK","BEDROCK","","","","","","Bedrock","","","","","","","","","","","","","","","","","","","","","","","","None"
"","","Soil","SB-23","","15.00","16.00","Poorly Graded GRAVEL with SAND (GP), medium dense, dry, dark gray (10 YR 8/4), and pale brown (10 YR 8/4), weathered ANDESITE, WASTE","GP","","","","","","GP","","","","","","","","","","","","","","","","","","","","","","","","Solid"
"","","Soil","SB-34","","8.00","10.00","stiff, grayish brown (2.5 Y 5/2), dry, cemented, some yellow color white stratified with decomposed ROCK, NATIVE","","","","","","","","","","","","","","","","","","","","","","","","","","","","","","","None"
"","","Soil","SB-19","","7.50","10.00","SANDY lean CLAY (CL), stiff, light yellowish brown (10 YR 6/4), dry, medium plasticity, good cementation, WASTE","CL","","","","","","CL","","","","","","","","","","","","","","","","","","","","","","","","Solid"
"","","Soil","SB-10","","105.00","110.00"," Greenish gray and grayish brown, slightly moist, lightly cemented, BEDROCK","","","","","","","","","","","","","","","","","","","","","","","","","","","","","","","None"
"","","Soil","SB-45","","49.00","50.00","fresh, hard, BEDROCK","","","","","","","","","","","","","","","","","","","","","","","","","","","","","","","Solid"
"","","Soil","SB-35","","14.00","15.00","Strong brown, rock layer, hot cuttings, WASTE","","","","","","","","","","","","","","","","","","","","","","","","","","","","","","","Solid"
"","","Rock","SB-22","","20.00","25.00","moderately weathered, moderately hard, NATIVE BEDROCK ","","","","","","","","","","","","","","","","","","","","","","","","","","","","","","","Solid"
"","","Soil","SB-12","","7.50","10.00"," Moist, pale brown (2.5 Y 7/4), medium to coarse SAND, big chucks of fragmented ROCKS, WASTE","","","","","","","","","","","","","","","","","","","","","","","","","","","","","","","None"
"","","Soil","SB-26","","0.00","15.00","Poorly graded SAND with GRAVEL (SP), reddish brown and light gray, medium dense, dry, some weathered ANDESITE, NATIVE","SP","","","","","","SP","","","","","","","","","","","","","","","","","","","","","","","","None"
"","","Soil","SB-24","","60.00","60.10","fresh, hard","","","","","","","","","","","","","","","","","","","","","","","","","","","","","","","Solid"
"","","Rock","SB-42","","45.00","50.00","fresh, hard, BEDROCK","","","","","","","","","","","","","","","","","","","","","","","","","","","","","","","Solid"
"","","Rock","SB-41","","35.00","40.00","IGNEOUS ROCK (ANDESITE), fresh, hard, BEDROCK","BEDROCK","","","","","","Bedrock","","","","","","","","","","","","","","","","","","","","","","","","Solid"
"","","Soil","SB-34","","0.00","19.00","GRAVELLY lean CLAY with SAND (CL), very stiff, olive brown (2.5 Y 4/4), dry, fine to coarse SAND, medium plasticity, angular SAND, NATIVE","CL","","","","","","CL","","","","","","","","","","","","","","","","","","","","","","","","None"
"","","Soil","SB-43","","20.00","22.50","Poorly graded GRAVEL with SAND and CLAY (GP-GC), medium dense, dark greyish brown (2.5 YR 4/2), moist, NATIVE","GP-GC","","","","","","GP-GC","","","","","","","","","","","","","","","","","","","","","","","","None"
"","","Soil","SB-26","","5.00","","very dense, NATIVE","","","","","","","","","","","","","","","","","","","","","","","","","","","","","","","None"
"","","Rock","SB-33","","10.00","65.00","IGNEOUS ROCK (ANDESITE), moderately weathered, pinkish gray (7.5 YR 7/2), dry, moderately hard, BEDROCK","BEDROCK","","","","","","Bedrock","","","","","","","","","","","","","","","","","","","","","","","","None"
"","","Rock","SB-33","","30.00","50.00"," dark gray (7.5 YR 4/1), BEDROCK","","","","","","","","","","","","","","","","","","","","","","","","","","","","","","","None"
"","","Soil","SB-40","","15.00","20.00","CLAYEY SAND (SC), medium dense, vary pale brown (10 YR 7/3), dry, coarse SAND, trace fine GRAVEL, WASTE","SC","","","","","","","","","","","","","","","","","","","","","","","","","","","","","","Solid"
"","","Soil","SB-36","","25.00","30.00","soil cuttings - large GRAVEL with some SAND, medium dense, greenish gray (GLEY 6/10Y), dry GRAVEL, some fine to coarse moist SAND, WASTE","","","","","","","","","","","","","","","","","","","","","","","","","","","","","","","None"
"","","Soil","SB-20","","0.00","11.00","SANDY Lean CLAY (CL), dark brown (10 YR 3/3), medium stiff, wet, no cementation, medium plasticity, some GRAVEL, NATIVE","CL","","","","","","CL","","","","","","","","","","","","","","","","","","","","","","","","None"
"","","Rock","SB-17","","25.00","91.50","IGNEOUS ROCK (ANDESITE), very dark greenish gray (GLEY 3/10Y), wet, fragmented, highly weathered, BEDROCK","BEDROCK","","","","","","Bedrock","","","","","","","","","","","","","","","","","","","","","","","","None"
"","","","SB-38","","61.50","","","","","","","","","","","","","","","","","","","","","","","","","","","","","","","","",""
"","","Rock","SB-1","","5.50","45.40","SEDIMENTARY ROCK (MUDSTONE/CLAYSTONE), hard, pale brown, dry, cemented, oxide strains, BEDROCK ","BEDROCK","","","","","","Bedrock","","","","","","","","","","","","","","","","","","","","","","","","None"
"","","Rock","SB-38","","30.00","35.00"," dark grayish brown (2.5 Y 4/2), wet, BEDROCK","","","","","","","","","","","","","","","","","","","","","","","","","","","","","","","None"
"","","Soil","SB-15","","20.00","25.00","SILT with SAND (ML) hard, very dark gray (10 YR 4/1), dry, NATIVE","ML","","","","","","ML","","","","","","","","","","","","","","","","","","","","","","","","Solid"
"","","","SB-7","","50.00","55.00"," Lean CLAY with SAND, hard, greenish gray (GLEY 6/1 5GY), medium to high plasticity, fine to medium SAND, NATIVE","","","","","","","","","","","","","","","","","","","","","","","","","","","","","","","None"
"","","Rock","SB-10","","126.40","","Terminated @ 126.4 ft bgs because of SPT and coring refusal. Perched water table at 92 ft bgs. ","","","","","","","","","","","","","","","","","","","","","","","","","","","","","","","Solid"
"","","Soil","SB-33","","65.00","","Terminated @ 65.0 ft bgs because of SPT and coring refusal. GW encountered @ 20.0 ft bgs. ","","","","","","","","","","","","","","","","","","","","","","","","","","","","","","",""
"","","Soil","SB-10","","93.00","95.00","Gray, NATIVE","","","","","","","","","","","","","","","","","","","","","","","","","","","","","","","None"
"","","Rock","SB-19","","65.00","91.50","IGNEOUS ROCK (ANDESITE), highly weathered, soft, BEDROCK","BEDROCK","","","","","","Bedrock","","","","","","","","","","","","","","","","","","","","","","","","None"
"","","Soil","SB-32","","15.00","25.00","medium stiff, dark greenish gray (GLEY 4/1 10GY), secondary color: reddish brown (5 YR 5/4), damp, medium grained SAND, WASTE","","","","","","","","","","","","","","","","","","","","","","","","","","","","","","","Solid"
"","","Soil","SB-14","","5.00","7.50","GRAVELLY Lean CLAY (CL), medium stiff, bluish gray (GLEY 5/10B), dry, angular GRAVEL up to 3"", medium plasticity, WASTE","CL","","","","","Gravelly Lean CLAY with sand","CL","","","","","","","dry","","","","","","","","","","","","","","","","","Solid"
"","","Soil","SB-32","","40.00","45.00"," very stiff, light brownish gray (10 YR 6/2), NATIVE","","","","","","","","","","","","","","","","","","","","","","","","","","","","","","","None"
"","","Soil","SB-37","","6.20","19.80","Lean CLAY (CL), light olive brown (2.5 YR 5/4), stiff, NATIVE","CL","","","","","","CL","","","","","","","","","","","","","","","","","","","","","","","","None"
"","","Rock","SB-42","","40.00","50.00","IGENOUS ROCK (ANDESITE), highly weathered, soft, BEDROCK","BEDROCK","","","","","","Bedrock","","","","","","","","","","","","","","","","","","","","","","","","None"
"","","Soil","SB-6A","","5.00","7.50","very stiff, moist, NATIVE","","","","","","","","","","","","","","","","","","","","","","","","","","","","","","","None"
"","","Soil","SB-46","","7.50","10.00","Lean CLAY (CL), stiff, light olive brown (2.5 YR 5/3), dry, few SAND, WASTE","CL","","","","","","CL","","","","","","","","","","","","","","","","","","","","","","","","Solid"
"","","Soil","SB-35","","33.00","35.00","Lean CLAY (CL), stiff, greenish black (GLEY 2.5/1 10 GY), NATIVE","CL","","","","","","CL","","","","","","","","","","","","","","","","","","","","","","","","Solid"
"","","Rock","SB-17","","70.00","80.00","very soft, highly weathered, BEDROCK","","","","","","","","","","","","","","","","","","","","","","","","","","","","","","","None"
"","","Soil","SB-19","","50.00","55.00","CLAYEY SAND (SC), dense, medium plasticity, fine to coarse sand, moderate cementation, pulverized ANDESITE, WASTE","SC","","","","","","SC","","","","","","","","","","","","","","","","","","","","","","","","Solid"
"","","Soil","SB-37","","2.50","4.80"," very stiff, gray (2.5 YR 5/1), NATIVE","","","","","","","","","","","","","","","","","","","","","","","","","","","","","","","Solid"
"","","Soil","SB-3","","0.00","5.00","Lean CLAY (CL), hard, yellowish brown (10 YR5/8), dry, NATIVE ","CL","","","","","","CL","","","","","","","","","","","","","","","","","","","","","","","","Solid"
"","","Soil","SB-3","","7.50","10.00","CLAYEY SAND (SC), very dense, brown (10 YR 5/3), dry, strings of orange/red material, NATIVE ","SC","","","","","","CL","","","","","","","","","","","","","","","","","","","","","","","","Solid"
"","","Soil","SB-13","","12.00","15.00","Lean CLAY (CL), stiff, dry to moist, yellowish brown (10 YR 5/8), SAND, NATIVE","","","","","","","","","","","","","","","","","","","","","","","","","","","","","","","None"
"","","Soil","SB-12","","65.00","80.00","greenish gray (GLEY 5/10BG), few GRAVEL, NATIVE","","","","","","","","","","","","","","","","","","","","","","","","","","","","","","","Solid"
"","","Soil","SB-32","","77.00","85.10","fresh, BEDROCK","","","","","","","","","","","","","","","","","","","","","","","","","","","","","","","Solid"
"","","Rock","SB-31","","17.00","40.00","moist, BEDROCK","","","","","","","","","","","","","","","","","","","","","","","","","","","","","","","None"
"","","","SB-7","","45.00","50.00"," Fine to medium SAND, hard, greenish gray (GLEY 6/1 5GY), NATIVE","","","","","","","","","","","","","","","","","","","","","","","","","","","","","","","None"
"","","Soil","SB-7","","0.00","2.50","CLAYEY GRAVEL with SAND WASTE (GC), dry, light brownish gray (10 YR 6/2), dense, WASTE","GP-GC","","","","","Poorly-graded GRAVEL with clay and sand","GP-GC","","","","","","","dry","","","","","","","","","","","","","","","","","None"
"","","Soil","SB-44","","0.00","5.00","SANDY lean CLAY (CL), light yellowish brown (10 YR 6/2), dry, stiff, some GRAVEL, WASTE","CL","","","","","","CL","","","","","","","","","","","","","","","","","","","","","","","","None"
"","","","SB-2","","42.00","","Terminated @ 42 ft bgs because of SPT and coring refusal. GW not encountered. ","","","","","","","","","","","","","","","","","","","","","","","","","","","","","","","None"
"","","Soil","SB-5","","11.50","15.00","lean CLAY with GRAVEL (GC), dry, reddish brown, NATIVE","","","","","","","","","","","","","","","","","","","","","","","","","","","","","","","None"
"","","Soil","SB-10","","20.00","30.00","Very stiff, gray, WASTE","","","","","","","","","","","","","","","","","","","","","","","","","","","","","","","None"
"","","","SB-37","","4.80","6.20","Fat CLAY (CH), light olive brown (2.5 YR 5/3), dry, hard, NATIVE ","CH","","","","","","CH","","","","","","","","","","","","","","","","","","","","","","","","Solid"
"","","Soil","SB-39","","15.00","25.00","CLAYEY SAND with GRAVEL (GC), medium dense, brown (7.5 YR4/4), dry to moist, little coarse SAND, WASTE","GC","","","","","","GC","","","","","","","","","","","","","","","","","","","","","","","","None"
"","","Soil","SB-19","","40.00","45.00","damp, yellowish grayish with black, medium plasticity, medium to coarse grained, < 10 % angular GRAVEL, WASTE","","","","","","","","","","","","","","","","","","","","","","","","","","","","","","","None"
"","","Soil","SB-20","","11.00","15.00","Poorly Graded GRAVEL (GP), wet, very dense, angular GRAVEL, < 10 % fines, ANDESITE fragments, NATIVE","GP","","","","","","GP","","","","","","","","","","","","","","","","","","","","","","","","Solid"
"","","Soil","SB-44","","25.00","30.10","trace fine SAND, very pale brown (10 YR 8/2), NATIVE","","","","","","","","","","","","","","","","","","","","","","","","","","","","","","","Solid"
"","","Soil","SB-25","","50.00","","Terminated @ 50.0 ft bgs because of SPT and coring refusal. GW not encountered. ","","","","","","","","","","","","","","","","","","","","","","","","","","","","","","",""
"","","Rock","SB-22","","12.00","25.00","IGNEOUS ROCK (ANDESITE), highly weathered, soft, dry, light reddish gray (2.5 YR 7/1), NATIVE BEDROCK","BEDROCK","","","","","","Bedrock","","","","","","","","","","","","","","","","","","","","","","","","None"
"","","Soil","SB-25","","7.50","10.00","SANDY lean CLAY (CL), dark gray (10 YR 4/1), hard, dry, some weathered ANDESITE, NATIVE","CL","","","","","","CL","","","","","","","","","","","","","","","","","","","","","","","","Solid"
"","","Soil","SB-26","","7.50","","medium dense, NATIVE","","","","","","","","","","","","","","","","","","","","","","","","","","","","","","","None"
"","","Soil","SB-9","","15.00","19.30","medium stiff, NATIVE","","","","","","","","","","","","","","","","","","","","","","","","","","","","","","","Solid"
"","","Soil","SB-45","","30.10","35.00","very dense","","","","","","","","","","","","","","","","","","","","","","","","","","","","","","","None"
"","","Rock","SB-38","","45.00","51.50","SEDIMENTARY ROCK (SHALE), slightly weathered, hard, very dark greenish gray (GLEY 1 3/10Y), BEDROCK","","","","","","","","","","","","","","","","","","","","","","","","","","","","","","","Solid"
"","","Rock","SB-5","","46.00","50.00","(BEDROCK) hard, (4/5 BG), fractured and weathered, BEDROCK","","","","","","","","","","","","","","","","","","","","","","","","","","","","","","","Solid"
"","","Soil","SB-11","","60.00","65.00","Fine SAND, damp, light greenish gray (CLEY 8/5BG),, NATIVE","","","","","","Lean CLAY with sand","CL","","","","","","","","","","","","","","","","","","","","","","","","None"
"","","Rock","SB-31","","5.00","67.00","IGNEOUS ROCK (ANDESITE), moderately weathered, moderately hard, dry, unaltered fragmented vesicular, BEDROCK","BEDROCK","","","","","","Bedrock","","","","","","","","","","","","","","","","","","","","","","","","None"
"","","Soil","SB-39","","25.00","29.00","Well graded SAND with CLAY and GRAVEL (SC), medium dense, brown (7.5 YR 4/4), NATIVE","SC","","","","","","SC","","","","","","","","","","","","","","","","","","","","","","","","Solid"
"","","Soil","SB-7","","2.50","5.00","SANDY Lean CLAY (CL), stiff, greenish gray (GLEY 6/1 10Y), moist, fine to coarse SAND, medium plasticity, WASTE","CL","","","","","Gravelly Lean CLAY with sand","CL","","","","","","","dry","medium plasticity","","","","","","","","","","","","","","","","Solid"
"","","Soil","SB-9","","19.30","27.00","CLAYEY SAND (SC), medium dense, moist, greenish gray (GLEY 6/1 5GY), medium plasticity, NATIVE","SC","","","","","","","","","","","","","","","","","","","","","","","","","","","","","","Solid"
"","","","SB-42","","50.00","","Terminated @ 50.0 ft bgs because of SPT and coring refusal. GW encountered @ 13.0 ft bgs ","","","","","","","","","","","","","","","","","","","","","","","","","","","","","","",""
"","","Soil","SB-2","","25.00","33.00","light yellowish brown (2.5 YR 6/3), dry, cemented, BEDROCK ","","","","","","","","","","","","","","","","","","","","","","","","","","","","","","","None"
"","","Soil","SB-45","","40.00","50.00","IGNEOUS ROCK (ANDESITE), highly weathered, soft, BEDROCK","BEDROCK","","","","","","Bedrock","","","","","","","","","","","","","","","","","","","","","","","","None"
"","","Rock","SB-26","","15.00","70.00","IGNEOUS ROCK (ANDESITE), gray, moderately hard, BEDROCK","BEDROCK","","","","","","Bedrock","","","","","","","","","","","","","","","","","","","","","","","","Solid"
"","","Rock","SB-21","","20.00","45.00","IGNEOUS ROCK (ANDESITE), moderately weathered, moderately hard, BEDROCK","BEDROCK","","","","","","Bedrock","","","","","","","","","","","","","","","","","","","","","","","","None"
"","","","SB-5","","60.42","","Terminated @ 60.42 ft bgs because of SPT and coring refusal. GW not encountered. ","","","","","","","","","","","","","","","","","","","","","","","","","","","","","","",""
"","","Soil","SB-16","","0.00","2.50","CLAYEY GRAVEL with SAND (GC), strong brown (7.5 YR 4/6), dry, WASTE","GC","","","","","","GC","","","","","","","","","","","","","","","","","","","","","","","","Solid"
"","","Soil","SB-22","","10.00","12.00","GRAVELLY Lean CLAY (CL), dry, hard, weathered ANDESITE fragments, NATIVE","CL","","","","","","CL","","","","","","","","","","","","","","","","","","","","","","","","Solid"
"","","","SB-14","","26.50","","Terminated @ 26.50 ft bgs as planned. GW not encountered. ","","","","","","","","","","","","","","","","","","","","","","","","","","","","","","",""
"","","Soil","SB-12","","55.00","60.00"," very hard, grayish green (GLEY 4/5G 4/1), medium plasticity, < 1"" GRAVEL, cemented, NATIVE","","","","","","","","","","","","","","","","","","","","","","","","","","","","","","","None"
"","","Soil","SB-38","","20.00","25.00","dense, olive gray (5Y 5/2), wet, medium to coarse SAND, angular GRAVELS, NATIVE","","","","","","","","","","","","","","","","","","","","","","","","","","","","","","","Solid"
"","","Soil","SB-1","","15.00","19.00","light yellowish brown (10 YR 6/4), BEDROCK ","","","","","","","","","","","","","","","","","","","","","","","","","","","","","","","Solid"
"","","Soil","SB-16","","10.00","15.00"," hard, brown (7.5 YR 4/2), slightly moist, little fine SAND, NATIVE","","","","","","","","","","","","","","","","","","","","","","","","","","","","","","","None"
"","","Soil","SB-46","","50.00","51.30"," BEDROCK","","","","","","","","","","","","","","","","","","","","","","","","","","","","","","","Solid"
"","","Soil","SB-12","","60.00","65.00","very dark greenish gray (GLEY 3/1 10GY), < 3"" angular GRAVEL, NATIVE","","","","","","","","","","","","","","","","","","","","","","","","","","","","","","","None"
"","","Soil","SB-17","","5.00","10.00","SILT (ML) hard, pale brown (2.5 Y 7/4), fragments of ROCK, pulverized, NATIVE","ML","","","","","","ML","","","","","","","","","","","","","","","","","","","","","","","","None"
"","","Soil","SB-29","","11.50","","Terminated @ 11.5 ft bgs as planned, GW not encountered. ","","","","","","","","","","","","","","","","","","","","","","","","","","","","","","",""
"","","Soil","SB-32","","55.00","65.00","Lean CLAY (CL), hard, greenish gray (GLEY 6/5G /1), dry, NATIVE","CL","","","","","","CL","","","","","","","","","","","","","","","","","","","","","","","","None"
"","","Rock","SB-1","","30.10","35.00","pale brown (10 YR 6/3), dry, medium to high plasticity when hydrated, BEDROCK ","","","","","","","","","","","","","","","","","","","","","","","","","","","","","","","None"
"","","Soil","SB-43","","7.50","10.00","very dense, WASTE","","","","","","","","","","","","","","","","","","","","","","","","","","","","","","","None"
"","","Soil","SB-32","","25.00","35.00","Silty SAND (SM), medium dense, light gray (5 Y 7/1), dry, trace gravel is SANDSTONE,  moderately cemented, WASTE","SM","","","","","","SP","","","","","","","","","","","","","","","","","","","","","","","","Solid"
"","","Soil","SB-36","","7.50","10.00","stiff, dark yellowish brown (10 YR 4/4), moist, GRAVEL dark gray, some SAND, WASTE","","","","","","","","","","","","","","","","","","","","","","","","","","","","","","","Solid"
"","","Soil","SB-44","","50.00","51.50"," some GRAVEL, strong brown (7.5 YR 4/6), dry to moist, medium to coarse SAND, NATIVE","","","","","","","","","","","","","","","","","","","","","","","","","","","","","","","Solid"
"","","","SB-35","","36.50","","Terminated @ 36.5 ft bgs as planned, GW encountered @ 23.3 ft bgs.","","","","","","","","","","","","","","","","","","","","","","","","","","","","","","",""
"","","Soil","SB-10","","110.00","120.00","Gray, BEDROCK","","","","","","","","","","","","","","","","","","","","","","","","","","","","","","","None"
"","","Soil","SB-40","","50.20","","Terminated @ 50.2 ft bgs because of SPT and coring refusal. GW encountered @ 29 ft bgs. ","","","","","","","","","","","","","","","","","","","","","","","","","","","","","","",""
"","","","SB-7","","30.00","35.00","Lean CLAY with SAND, damp, hard pinkish gray (5 YR 6/2), fine to medium SAND, NATIVE","","","","","","","","","","","","","","","","","","","","","","","","","","","","","","","None"
"","","Soil","SB-24","","30.00","35.00","some white salt, likely calcium carbonate, BEDROCK","","","","","","","","","","","","","","","","","","","","","","","","","","","","","","","Solid"
"","","Soil","SB-34","","40.00","43.00","Poorly graded SAND with GRAVEL (SP), very dense, dark yellowish brown (10 YR 3/6), secondary color: dark grayish brown (10 YR 4/2), wet, coarse to fine angular GRAVEL, medium to coarse SAND, weak cementation, NATIVE","SP","","","","","","SP","","","","","","","","","","","","","","","","","","","","","","","","Solid"
"","","Rock","SB-34","","45.00","50.00","wet, black, unaltered, fragmented, vesicular, BEDROCK","","","","","","","","","","","","","","","","","","","","","","","","","","","","","","","Solid"
"","","Soil","SB-11","","16.50","30.00","gray (10 YR 6/1), moist, fine sand, WASTE","","","","","","Gravelly Lean CLAY with sand","CL","","","","","","","","","","","","","","","","","","","","","","","","None"
"","","Soil","SB-46","","40.00","51.30","IGNEOUS ROCK (ANDESITE), highly weathered, soft, very dense, very dark brown (10 YR 2/2), wet, weathered/pulverized, BEDROCK","BEDROCK","","","","","","Bedrock","","","","","","","","","","","","","","","","","","","","","","","","None"
"","","Soil","SB-42","","25.00","30.00","hard, light gray (2.5 YR 7/1), few SAND and trace GRAVEL, NATIVE","","","","","","","","","","","","","","","","","","","","","","","","","","","","","","","Solid"
"","","Rock","SB-44","","43.00","45.00","SEDIMENTARY ROCK (MUDSTONE), highly weathered, soft, black (2.5 YR 2.5/1), fine grained tuff and ash, carbon enriched, NATIVE","BEDROCK","","","","","","Bedrock","","","","","","","","","","","","","","","","","","","","","","","","Solid"
"","","Soil","SB-28","","5.00","7.50","CLAYEY SAND with GRAVEL (SC), dark brown (10 YR 3/3), moist, medium dense, low to medium plasticity, NATIVE","SC","","","","","","SC","","","","","","","","","","","","","","","","","","","","","","","","Solid"
"","","Rock","SB-6A","","25.00","70.00","SEDIMENTARY ROCK (SHALE), highly weathered, moderately, soft, moist, dark gray (GLEY 4/N), weathered, fractured, BEDROCK","BEDROCK","","","","","","Bedrock","","","","","","","moist","","","","","","","","","","","","","","","","","None"
"","","Soil","SB-10","","80.00","85.00","Very stiff to hard, blueish gray, little GRAVEL, NATIVE","","","","","","","","","","","","","","","","","","","","","","","","","","","","","","","None"
"","","Rock","SB-10","","125.00","126.40"," dark bluish gray (GLEY 4/5B), BEDROCK","","","","","","","","","","","","","","","","","","","","","","","","","","","","","","","Solid"
"","","Soil","SB-38","","5.00","10.00","loose, dark greenish gray (GLEY 4/N), dry, some medium to coarse grained angular GRAVEL, WASTE","","","","","","","","","","","","","","","","","","","","","","","","","","","","","","","None"
"","","Soil","SB-41","","7.50","10.00","some SAND, trace GRAVEL, medium stiff, dark brown (10 YR 3/3), dry to moist, WASTE","","","","","","","","","","","","","","","","","","","","","","","","","","","","","","","None"
"","","Soil","SB-8","","40.80","40.80","Terminated @ 40.8 ft bgs because of SPT and coring refusal. GW not encountered ","","","","","","","","","","","","","","","","","","","","","","","","","","","","","","",""
"","","","SB-18","","80.00","110.00","very hard, BEDROCK","","","","","","","","","","","","","","","","","","","","","","","","","","","","","","","Solid"
"","","Rock","SB-17","","90.00","90.50","moderately hard, moderately weathered, BEDROCK","","","","","","","","","","","","","","","","","","","","","","","","","","","","","","",""
"","","Rock","SB-5","","35.00","50.00","IGNEOUS ROCK (ANDESITE), HIGHLY WEATHERED, MODERATELY HARD, light gray (5 YR 7/1), fine to medium SAND, GRAVEL up to 0.5"", weathered ANDESITE, BEDROCK","BEDROCK","","","","","","Bedrock","","","","","","","","","","","","","","","","","","","","","","","","None"
"","","Soil","SB-24","","6.00","10.00","Poorly graded GRAVEL with SAND (GP), very dense dry, gray (10 YR 5/1), very low plasticity, NATIVE","GP","","","","","","SW-SC","","","","","","","","","","","","","","","","","","","","","","","","Solid"
"","","","SB-9","","78.00","80.00","slightly weathered, moderately hard, BEDROCK","","","","","","","","","","","","","","","","","","","","","","","","","","","","","","",""
"","","Rock","SB-24","","20.00","61.50","slightly weathered, hard, gray (10 YR 5/1), BEDROCK","","","","","","","","","","","","","","","","","","","","","","","","","","","","","","","None"
"","","Soil","SB-13","","15.00","20.00","Hard, brown (10 YR 5/1), NATIVE","","","","","","","","","","","","","","","","","","","","","","","","","","","","","","","None"
"","","Soil","SB-10","","35.00","50.00"," Dark gray, some cemented fragments, NATIVE","","","","","","","","","","","","","","","","","","","","","","","","","","","","","","","Solid"
"","","Soil","SB-37","","15.00","20.00","very pale brown (10 YR 8/3), moist, medium plasticity, GRAVEL angular up to 2"", NATIVE","","","","","","","","","","","","","","","","","","","","","","","","","","","","","","","Solid"
"","","Soil","SB-13","","22.00","25.00","Light olive gray (5YR 6/2), NATIVE","","","","","","","","","","","","","","","","","","","","","","","","","","","","","","","None"
"","","Soil","SB-10","","75.00","80.00","Hard, gray, NATIVE","","","","","","","","","","","","","","","","","","","","","","","","","","","","","","","None"
"","","Soil","SB-46","","5.00","7.50","Well graded GRAVEL with CLAY, SAND, and SILT (GW-GC), medium dense, grayish brown (10 YR 4/2), dry, WASTE","GW-GC","","","","","","GW-GC","","","","","","","","","","","","","","","","","","","","","","","","Solid"
"","","Rock","SB-5","","40.00","46.00","(7/10Y), fractured and weathered, BEDROCK","","","","","","","","","","","","","","","","","","","","","","","","","","","","","","","None"
"","","Soil","SB-34","","25.00","40.00","Poorly graded SAND with GRAVEL and CLAY (SP-SC), medium dense, light yellowish brown (2.5 Y 6/4), wet, medium to coarse SAND, angular GRAVEL, low plasticity, weakly cemented, NATIVE","SP-SC","","","","","","SP","","","","","","","","","","","","","","","","","","","","","","","","None"
"","","Soil","SB-19","","45.00","60.00","grayish red, weak cementation, WASTE","","","","","","","","","","","","","","","","","","","","","","","","","","","","","","","Solid"
"","","Soil","SB-12","","30.00","35.00","Hard, NATIVE","","","","","","","","","","","","","","","","","","","","","","","","","","","","","","","None"
"","","Soil","SB-33","","0.00","7.50","Poorly Graded GRAVEL with SAND (GP), pinkish gray (7.5 YR 6/2), dry, very dense, some fine SAND, NATIVE","GP","","","","","","GP","","","","","","","","","","","","","","","","","","","","","","","","None"
"","","Soil","SB-14","","7.50","15.00","SANDY SILT with GRAVEL (ML), very stiff, fine to medium grained, WASTE","ML","","","","","","ML","","","","","","","","","","","","","","","","","","","","","","","","None"
"","","Rock","SB-24","","40.00","50.00","IGNEOUS ROCK (ANDESITE), fresh, hard, gray (10 YR 5/1), BEDROCK","","","","","","","","","","","","","","","","","","","","","","","","","","","","","","","None"
"","","Soil","SB-42","","2.50","5.00","SANDY lean CLAY (CL), very stiff, light yellowish brown (10 YR 6/4), dry, trace GRAVEL, WASTE","CL","","","","","","CL","","","","","","","","","","","","","","","","","","","","","","","","Solid"
"","","Soil","SB-36","","40.00","45.00","some GRAVEL, moist, dense, olive brown (2.5 YR 4/3), NATIVE ","","","","","","","","","","","","","","","","","","","","","","","","","","","","","","","None"
"","","Soil","SB-3","","15.00","20.00"," yellowish brown (10 YR 5/4), dry, BEDROCK","","","","","","","","","","","","","","","","","","","","","","","","","","","","","","","None"
"","","Soil","SB-2","","2.50","5.00","Lean CLAY with SAND (CL), very stiff, pale brown (7.5 YR 7/3), little fine sand, NATIVE","","","","","","","","","","","","","","","","","","","","","","","","","","","","","","","Solid"
"","","Soil","SB-12","","0.00","5.00","CLAYEY SAND (SC), black (2.5 Y/1), medium dense, poorly graded, some broken ROCKS, angular GRAVEL, WASTE","SC","","","","","","SC","","","","","","","","","","","","","","","","","","","","","","","","Solid"
"","","Soil","SB-16","","15.00","25.00"," very stiff, very dark grayish brown (10 YR 3/2), NATIVE","","","","","","","","","","","","","","","","","","","","","","","","","","","","","","","None"
"","","Soil","SB-3","","5.00","7.50","Poorly graded SAND with SILTY CLAY and GRAVEL (SP-SC), very dense, pale brown (10 YR 5/3), dry, NATIVE","SP-SC","","","","","","SP-SC","","","","","","","","","","","","","","","","","","","","","","","","Solid"
"","","Soil","SB-11","","76.50","80.00","Weathered decomposed ANDESITE, volcanic pyroclastic flow, (GLEY 6/5G), NATIVE","","","","","","Lean CLAY with sand","CL","","","","","","","","","","","","","","","","","","","","","","","","None"
"","","Soil","SB-41","","2.50","7.50","few GRAVEL and SAND, very stiff, yellowish brown (10 YR 5/4), dry, mottled, iron oxide staining, WASTE","","","","","","","","","","","","","","","","","","","","","","","","","","","","","","","None"
"","","Soil","SB-46","","25.00","30.00","very dense, strong brown (7.5 YR 5/6), wet, NATIVE","","","","","","","","","","","","","","","","","","","","","","","","","","","","","","","Solid"
"","","","SB-7","","60.00","61.50"," Lean CLAY with SAND, hard, light greenish gray (GLEY 7/5BG), damp, fine to medium SAND, NATIVE","","","","","","","","","","","","","","","","","","","","","","","","","","","","","","","Solid"
"","","","SB-6A","","75.00","79.00","moderately weathered, moderately hard, BEDROCK","","","","","","","","","","","","","","","","","","","","","","","","","","","","","","","None"
"","","Soil","SB-44","","30.10","35.00","Elastic SILT (MH), stiff, pale brown (2.5 YR 8/2), moist, NATIVE","MH","","","","","","MH","","","","","","","","","","","","","","","","","","","","","","","","Solid"
"","","Soil","SB-3","","10.00","60.10","SEDIMENTARY ROCK (MUDSTONE/CLAYSTONE), highly weathered, grayish brown (10 YR 5/2), BEDROCK ","BEDROCK","","","","","","Bedrock","","","","","","","","","","","","","","","","","","","","","","","","None"
"","","Soil","SB-45","","26.00","40.00","Well graded SAND with GRAVEL (SW), very loose, yellowish brown (10 YR 4/4), wet, NATIVE","SW","","","","","","SW","","","","","","","","","","","","","","","","","","","","","","","","None"
"","","Soil","SB-45","","50.00","","Terminated @ 50.0 ft bgs because of SPT and coring refusal. GW encountered @ 27.0 ft bgs","","","","","","","","","","","","","","","","","","","","","","","","","","","","","","","Solid"
"","","Soil","SB-43","","17.00","20.00","brownish yellow (10 YR 6/6)","","","","","","","","","","","","","","","","","","","","","","","","","","","","","","","Solid"
"","","Soil","SB-45","","5.00","7.50","Well graded SAND with CLAY (SW-SC), loose, dark yellowish brown (10 YR 4/4), dry, WASTE","SW-SC","","","","","","SW-SC","","","","","","","","","","","","","","","","","","","","","","","","Solid"
"","","Soil","SB-9","","27.00","35.00","SANDY elastic SILT (MH), hard, dark greenish gray (GLEY 4/5G), damp, medium to high plasticity, decomposed MUDSTONE, NATIVE","MH","","","","","Elastic SILT with sand","MH","","","","","","","moist","medium to high plasticity","","","","","","","","","","","","","","","","Solid"
"","","Soil","SB-15","","0.00","2.50","Poorly graded GRAVEL with CLAY and SAND (GP-GC), dry, very dark gray (10 YR 3/1), WASTE","GP-GC","","","","","","GP-GC","","","","","","","","","","","","","","","","","","","","","","","","Solid"
"","","Soil","SB-5","","60.00","60.42","(5/N) low to medium plasticity, medium to coarse grained SAND, some white ROCK, NATIVE","","","","","","","","","","","","","","","","","","","","","","","","","","","","","","","Solid"
"","","Soil","SB-11","","65.00","70.00","(GLEY 4/5G), NATIVE","","","","","","Lean CLAY with sand","CL","","","","","","","","","","","","","","","","","","","","","","","","None"
"","","Rock","SB-20","","15.00","15.30","ANDESITE (BEDROCK) wet, moderately weathered, hard, NATIVE","BEDROCK","","","","","","Bedrock","","","","","","","","","","","","","","","","","","","","","","","","Solid"
"","","Soil","SB-10","","0.00","5.00","Lean CLAY with SAND (CL), little fine SAND, very stiff, grayish brown, dry, WASTE","CL","","","","","Lean CLAY with sand","CL","","","","","","","dry","","","","","","","","","","","","","","","","","Solid"
"","","Soil","SB-43","","22.50","25.00","IGNEOUS ROCK (ANDESITE), highly weathered, soft, fine GRAINED weakly vesicular, BEDROCK","BEDROCK","","","","","","Bedrock","","","","","","","","","","","","","","","","","","","","","","","","None"
"","","Soil","SB-18","","7.50","14.00","fine SAND little GRAVEL, WASTE","","","","","","","","","","","","","","","","","","","","","","","","","","","","","","","None"
"","","Soil","SB-24","","60.10","","Terminated @ 60.1 ft bgs because of SPT and coring refusal. GW not encountered. ","","","","","","","","","","","","","","","","","","","","","","","","","","","","","","","Solid"
"","","Soil","SB-32","","5.00","7.50","few SAND, brown (10 YR 5/3), WASTE","","","","","","","","","","","","","","","","","","","","","","","","","","","","","","","None"
"","","Soil","SB-10","","85.00","93.00","Lean CLAY with GRAVEL (CL), hard blueish gray, moist, SILTSTONE fragments, little fine SAND, NATIVE","","","","","","","","","","","","","","","","","","","","","","","","","","","","","","","None"
"","","Soil","SB-25","","0.00","5.00","Poorly Graded SAND with GRAVEL (SP), dry, very dense, reddish brown and light gray, weathered ANDESITE, WASTE","SP","","","","","","SP","","","","","","","","","","","","","","","","","","","","","","","","Solid"
"","","Soil","SB-45","","35.00","40.00","brown (10 YR 4/3), dense ","","","","","","","","","","","","","","","","","","","","","","","","","","","","","","","Solid"
"","","Soil","SB-4","","7.50","10.00","Poorly graded SAND with CLAY and GRAVEL (SP-SC), medium dense, light yellowish brown (10 YR 6/4), dry, WASTE","SP-SC","","","","","","SP-SC","","","","","","","","","","","","","","","","","","","","","","","","Solid"
"","","Soil","SB-15","","2.50","20.00","SANDY Lean CLAY (CL), gray (10 YR 3/1), dry, WASTE","CL","","","","","","CL","","","","","","","","","","","","","","","","","","","","","","","","None"
"","","","SB-18","","60.00","70.00","fresh, very hard, BEDROCK","","","","","","","","","","","","","","","","","","","","","","","","","","","","","","","None"
"","","Rock","SB-24","","35.00","40.00","SEDIMENTARY ROCK (SHALE), moderately weathered, moderately hard, moist, dark gray (10 YR 3/1), laminated, BEDROCK","","","","","","","","","","","","","","","","","","","","","","","","","","","","","","","Solid"
"","","Soil","SB-42","","0.00","2.50","Well graded SAND with CLAY (SW-SC), light yellowish brown (10 YR 6/4), dry, few GRAVEL, WASTE","SW-SC","","","","","","SW-SC","","","","","","","","","","","","","","","","","","","","","","","","Solid"
"","","Soil","SB-11","","7.50","50.00","SILTY SAND (SM), mostly SILT, WASTE","SM","","","","","Gravelly SILT with sand","SM","","","","","","","","","","","","","","","","","","","","","","","","None"
"","","Soil","SB-9","","0.00","2.50","Poorly graded SAND (SP), loose, reddish brown, WASTE","SP","","","","","Poorly-graded SAND","SP","","","","","","","","","","","","","","","","","","","","","","","","Solid"
"","","Soil","SB-9","","35.00","60.00","Lean CLAY with SAND (CL), stiff, very dark greenish gray (GLEY 3/10Y), damp, medium to high plasticity, NATIVE","CL","","","","","Lean CLAY with sand","CL","","","","","","","moist","medium to high plasticity","","","","","","","","","","","","","","","","None"
"","","Soil","SB-7","","15.00","20.00","CLAYEY GRAVEL with SAND (GC) medium dense, greenish gray (GLEY 5/1 10Y), moist low plasticity, fine to coarse SAND, NATIVE","GC","","","","","Poorly-graded SAND with clay and gravel","GC","","","","","","","dry","low plasticity","","","","","","","","","","","","","","","","Solid"
"","","Soil","SB-9","","7.50","10.00","SILT with SAND (ML), stiff, dry, light greenish gray (GLEY 7/1 10Y), fine to medium SAND, medium to high plasticity, medium cementation, NATIVE","ML","","","","","Gravelly SILT with sand","ML","","","","","","","dry","medium to high plasticity","","","","","","","","","","","","","","","","Solid"
"","","Soil","SB-7","","5.00","9.00","SILTY SAND with GRAVEL (SM) dry, reddish gray (5 YR 5/2), medium dense, fine to coarse angular GRAVEL up to 4"", low to medium plasticity, WASTE","SM","","","","","Poorly-graded SAND with silt and gravel","SM","","","","","","","dry","low to medium plasticity","","","","","","","","","","","","","","","","Solid"
"","","Soil","SB-9","","2.50","5.00","CLAYEY SAND with GRAVEL (SC), medium dense, dry, reddish yellow (7.5 Y 6/6), fine to coarse SAND, low plasticity, cemented, WASTE ","SC","","","","","Poorly-graded SAND with clay and gravel","SP-SC","","","","","","","dry","low plasticity","","","","","","","","","","","","","","","","Solid"
"","","Soil","SB-5","","7.50","10.00","SANDY lean CLAY with GRAVEL (CL), very stiff, greyish brown (5 YR 6/2), dry, fine SAND, angular GRAVEL, medium plasticity, WASTE","CL","","","","","Lean CLAY with sand","CL","","","","","","","dry","medium plasticity","fine","angular","","","","","","","","","","","","","","Solid"
"","","Soil","SB-6A","","0.00","30.00","SANDY lean CLAY (CL), stiff, red (2.5 YR 4/6), dry, fine to medium SAND, medium plasticity, NATIVE","CL","","","","","Gravelly Lean CLAY with sand","CL","","","","","","","dry","medium plasticity","fine to medium","","","","","","","","","","","","","","","None"
"","","Soil","SB-5","","0.00","5.00","CLAYEY GRAVEL with SAND (GC), light brown (7.5 YR 6/2), dry, coarse, angular GRAVEL, low to medium plasticity, WASTE","GC","","","","","Clayey GRAVEL with sand","GC","","","","","","","dry","low to medium plasticity","coarse","angular","","","","","","","","","","","","","","None"
"","","Soil","SB-5","","10.00","15.70","CLAYEY GRAVEL with SAND (GC), very dense, light gray (7.5 YR 5/2), moist, angular GRAVEL, medium to coarse SAND, low plasticity, NATIVE","GC","","","","","Poorly-graded GRAVEL with clay and sand","GC","","","","","","","dry","low plasticity","medium to coarse","angular","","","","","","","","","","","","","","None"
